,match_id,team_id,home,team_goals,points,created_at,updated_at
0,2020-08-21 19:00:00+02:00 Bordeaux,Bordeaux,True,0,1,2021-07-02 11:07:34.093920,2021-07-02 11:07:34.571565
1,2020-08-22 17:00:00+02:00 Dijon,Dijon,True,0,0,2021-07-02 11:07:34.093920,2021-07-02 11:07:34.571565
2,2020-08-22 21:00:00+02:00 Lille,Lille,True,1,1,2021-07-02 11:07:34.093920,2021-07-02 11:07:34.571565
3,2020-08-23 13:00:00+02:00 Monaco,Monaco,True,2,1,2021-07-02 11:07:34.093920,2021-07-02 11:07:34.571565
4,2020-08-23 15:00:00+02:00 Lorient,Lorient,True,3,3,2021-07-02 11:07:34.093920,2021-07-02 11:07:34.571565
5,2020-08-23 15:00:00+02:00 Nîmes,Nîmes,True,4,3,2021-07-02 11:07:34.093920,2021-07-02 11:07:34.571565
6,2020-08-23 17:00:00+02:00 Nice,Nice,True,2,3,2021-07-02 11:07:34.093920,2021-07-02 11:07:34.571565
7,2020-09-15 21:00:00+02:00 Montpellier,Montpellier,True,2,3,2021-07-02 11:07:34.093920,2021-07-02 11:07:34.571565
8,2020-09-16 21:00:00+02:00 Paris,Paris,True,1,3,2021-07-02 11:07:34.093920,2021-07-02 11:07:34.571565
9,2020-09-17 21:00:00+02:00 Marseille,Marseille,True,0,0,2021-07-02 11:07:34.093920,2021-07-02 11:07:34.571565
10,2020-08-28 21:00:00+02:00 Lyon,Lyon,True,4,3,2021-07-02 11:07:34.093920,2021-07-02 11:07:34.571565
11,2020-08-29 17:00:00+02:00 Rennes,Rennes,True,2,3,2021-07-02 11:07:34.093920,2021-07-02 11:07:34.571565
12,2020-08-29 21:00:00+02:00 Strasbourg,Strasbourg,True,0,0,2021-07-02 11:07:34.093920,2021-07-02 11:07:34.571565
13,2020-08-30 13:00:00+02:00 Reims,Reims,True,0,0,2021-07-02 11:07:34.093920,2021-07-02 11:07:34.571565
14,2020-08-30 15:00:00+02:00 Nantes,Nantes,True,2,3,2021-07-02 11:07:34.093920,2021-07-02 11:07:34.571565
15,2020-08-30 15:00:00+02:00 Saint-Étienne,Saint-Étienne,True,2,3,2021-07-02 11:07:34.093920,2021-07-02 11:07:34.571565
16,2020-08-30 15:00:00+02:00 Angers,Angers,True,0,0,2021-07-02 11:07:34.093920,2021-07-02 11:07:34.571565
17,2020-08-30 15:00:00+02:00 Metz,Metz,True,0,0,2021-07-02 11:07:34.093920,2021-07-02 11:07:34.571565
18,2020-08-30 21:00:00+02:00 Brest,Brest,True,2,0,2021-07-02 11:07:34.093920,2021-07-02 11:07:34.571565
19,2020-09-10 21:00:00+02:00 Lens,Lens,True,1,3,2021-07-02 11:07:34.093920,2021-07-02 11:07:34.571565
20,2020-09-11 21:00:00+02:00 Bordeaux,Bordeaux,True,0,1,2021-07-02 11:07:34.093920,2021-07-02 11:07:34.571565
21,2020-09-12 17:00:00+02:00 Montpellier,Montpellier,True,3,3,2021-07-02 11:07:34.093920,2021-07-02 11:07:34.571565
22,2020-09-12 21:00:00+02:00 Saint-Étienne,Saint-Étienne,True,2,3,2021-07-02 11:07:34.093920,2021-07-02 11:07:34.571565
23,2020-09-13 13:00:00+02:00 Lille,Lille,True,1,3,2021-07-02 11:07:34.093920,2021-07-02 11:07:34.571565
24,2020-09-13 15:00:00+02:00 Nîmes,Nîmes,True,2,0,2021-07-02 11:07:34.093920,2021-07-02 11:07:34.571565
25,2020-09-13 15:00:00+02:00 Lorient,Lorient,True,2,0,2021-07-02 11:07:34.093920,2021-07-02 11:07:34.571565
26,2020-09-13 15:00:00+02:00 Angers,Angers,True,1,3,2021-07-02 11:07:34.093920,2021-07-02 11:07:34.571565
27,2020-09-13 15:00:00+02:00 Dijon,Dijon,True,0,0,2021-07-02 11:07:34.093920,2021-07-02 11:07:34.571565
28,2020-09-13 17:00:00+02:00 Monaco,Monaco,True,2,3,2021-07-02 11:07:34.093920,2021-07-02 11:07:34.571565
29,2020-09-13 21:00:00+02:00 Paris,Paris,True,0,0,2021-07-02 11:07:34.093920,2021-07-02 11:07:34.571565
30,2020-09-18 21:00:00+02:00 Lyon,Lyon,True,0,1,2021-07-02 11:07:34.093920,2021-07-02 11:07:34.571565
31,2020-09-19 17:00:00+02:00 Lens,Lens,True,2,3,2021-07-02 11:07:34.093920,2021-07-02 11:07:34.571565
32,2020-09-19 21:00:00+02:00 Rennes,Rennes,True,2,3,2021-07-02 11:07:34.093920,2021-07-02 11:07:34.571565
33,2020-09-20 13:00:00+02:00 Nice,Nice,True,0,0,2021-07-02 11:07:34.093920,2021-07-02 11:07:34.571565
34,2020-09-20 15:00:00+02:00 Montpellier,Montpellier,True,4,3,2021-07-02 11:07:34.093920,2021-07-02 11:07:34.571565
35,2020-09-20 15:00:00+02:00 Brest,Brest,True,3,3,2021-07-02 11:07:34.093920,2021-07-02 11:07:34.571565
36,2020-09-20 15:00:00+02:00 Metz,Metz,True,2,3,2021-07-02 11:07:34.093920,2021-07-02 11:07:34.571565
37,2020-09-20 15:00:00+02:00 Strasbourg,Strasbourg,True,1,3,2021-07-02 11:07:34.093920,2021-07-02 11:07:34.571565
38,2020-09-20 17:00:00+02:00 Nantes,Nantes,True,2,1,2021-07-02 11:07:34.093920,2021-07-02 11:07:34.571565
39,2020-09-20 21:00:00+02:00 Marseille,Marseille,True,1,1,2021-07-02 11:07:34.093920,2021-07-02 11:07:34.571565
40,2020-09-25 21:00:00+02:00 Lille,Lille,True,2,3,2021-07-02 11:07:34.093920,2021-07-02 11:07:34.571565
41,2020-09-26 17:00:00+02:00 Saint-Étienne,Saint-Étienne,True,0,0,2021-07-02 11:07:34.093920,2021-07-02 11:07:34.571565
42,2020-09-26 21:00:00+02:00 Marseille,Marseille,True,1,1,2021-07-02 11:07:34.093920,2021-07-02 11:07:34.571565
43,2020-09-27 13:00:00+02:00 Bordeaux,Bordeaux,True,0,1,2021-07-02 11:07:34.093920,2021-07-02 11:07:34.571565
44,2020-09-27 15:00:00+02:00 Dijon,Dijon,True,2,1,2021-07-02 11:07:34.093920,2021-07-02 11:07:34.571565
45,2020-09-27 15:00:00+02:00 Nîmes,Nîmes,True,1,1,2021-07-02 11:07:34.093920,2021-07-02 11:07:34.571565
46,2020-09-27 15:00:00+02:00 Monaco,Monaco,True,3,3,2021-07-02 11:07:34.093920,2021-07-02 11:07:34.571565
47,2020-09-27 15:00:00+02:00 Angers,Angers,True,3,3,2021-07-02 11:07:34.093920,2021-07-02 11:07:34.571565
48,2020-09-27 17:00:00+02:00 Lorient,Lorient,True,1,1,2021-07-02 11:07:34.093920,2021-07-02 11:07:34.571565
49,2020-09-27 21:00:00+02:00 Reims,Reims,True,0,0,2021-07-02 11:07:34.093920,2021-07-02 11:07:34.571565
50,2020-10-02 21:00:00+02:00 Paris,Paris,True,6,3,2021-07-02 11:07:34.093920,2021-07-02 11:07:34.571565
51,2020-10-03 17:00:00+02:00 Lens,Lens,True,2,3,2021-07-02 11:07:34.093920,2021-07-02 11:07:34.571565
52,2020-10-03 21:00:00+02:00 Nice,Nice,True,2,3,2021-07-02 11:07:34.093920,2021-07-02 11:07:34.571565
53,2020-10-04 13:00:00+02:00 Montpellier,Montpellier,True,0,0,2021-07-02 11:07:34.093920,2021-07-02 11:07:34.571565
54,2020-10-04 15:00:00+02:00 Strasbourg,Strasbourg,True,0,0,2021-07-02 11:07:34.093920,2021-07-02 11:07:34.571565
55,2020-10-04 15:00:00+02:00 Brest,Brest,True,1,3,2021-07-02 11:07:34.093920,2021-07-02 11:07:34.571565
56,2020-10-04 15:00:00+02:00 Bordeaux,Bordeaux,True,3,3,2021-07-02 11:07:34.093920,2021-07-02 11:07:34.571565
57,2020-10-04 15:00:00+02:00 Metz,Metz,True,3,3,2021-07-02 11:07:34.093920,2021-07-02 11:07:34.571565
58,2020-10-04 17:00:00+02:00 Rennes,Rennes,True,2,1,2021-07-02 11:07:34.093920,2021-07-02 11:07:34.571565
59,2020-10-04 21:00:00+02:00 Lyon,Lyon,True,1,1,2021-07-02 11:07:34.093920,2021-07-02 11:07:34.571565
60,2020-10-16 19:00:00+02:00 Dijon,Dijon,True,1,1,2021-07-02 11:07:34.093920,2021-07-02 11:07:34.571565
61,2020-10-16 21:00:00+02:00 Nîmes,Nîmes,True,0,0,2021-07-02 11:07:34.093920,2021-07-02 11:07:34.571565
62,2020-10-17 17:00:00+02:00 Reims,Reims,True,1,0,2021-07-02 11:07:34.093920,2021-07-02 11:07:34.571565
63,2020-10-17 21:00:00+02:00 Marseille,Marseille,True,3,3,2021-07-02 11:07:34.093920,2021-07-02 11:07:34.571565
64,2020-10-18 13:00:00+02:00 Strasbourg,Strasbourg,True,2,0,2021-07-02 11:07:34.093920,2021-07-02 11:07:34.571565
65,2020-10-18 15:00:00+02:00 Monaco,Monaco,True,1,1,2021-07-02 11:07:34.093920,2021-07-02 11:07:34.571565
66,2020-10-18 15:00:00+02:00 Nantes,Nantes,True,3,3,2021-07-02 11:07:34.093920,2021-07-02 11:07:34.571565
67,2020-10-18 15:00:00+02:00 Angers,Angers,True,1,1,2021-07-02 11:07:34.093920,2021-07-02 11:07:34.571565
68,2020-10-18 17:00:00+02:00 Saint-Étienne,Saint-Étienne,True,1,0,2021-07-02 11:07:34.093920,2021-07-02 11:07:34.571565
69,2020-10-18 21:00:00+02:00 Lille,Lille,True,4,3,2021-07-02 11:07:34.093920,2021-07-02 11:07:34.571565
70,2020-10-23 21:00:00+02:00 Rennes,Rennes,True,1,0,2021-07-02 11:07:34.093920,2021-07-02 11:07:34.571565
71,2020-10-24 17:00:00+02:00 Lorient,Lorient,True,0,0,2021-07-02 11:07:34.093920,2021-07-02 11:07:34.571565
72,2020-10-24 21:00:00+02:00 Paris,Paris,True,4,3,2021-07-02 11:07:34.093920,2021-07-02 11:07:34.571565
73,2020-10-25 15:00:00+01:00 Montpellier,Montpellier,True,0,0,2021-07-02 11:07:34.093920,2021-07-02 11:07:34.571565
74,2020-10-25 15:00:00+01:00 Metz,Metz,True,2,3,2021-07-02 11:07:34.093920,2021-07-02 11:07:34.571565
75,2020-10-25 15:00:00+01:00 Bordeaux,Bordeaux,True,2,3,2021-07-02 11:07:34.093920,2021-07-02 11:07:34.571565
76,2020-10-25 15:00:00+01:00 Brest,Brest,True,0,0,2021-07-02 11:07:34.093920,2021-07-02 11:07:34.571565
77,2020-10-25 17:00:00+01:00 Nice,Nice,True,1,1,2021-07-02 11:07:34.093920,2021-07-02 11:07:34.571565
78,2020-10-25 21:00:00+01:00 Lyon,Lyon,True,4,3,2021-07-02 11:07:34.093920,2021-07-02 11:07:34.571565
79,2020-11-25 19:00:00+01:00 Lens,Lens,True,1,1,2021-07-02 11:07:34.093920,2021-07-02 11:07:34.571565
80,2020-10-31 17:00:00+01:00 Rennes,Rennes,True,2,3,2021-07-02 11:07:34.093920,2021-07-02 11:07:34.571565
81,2020-10-31 21:00:00+01:00 Nantes,Nantes,True,0,0,2021-07-02 11:07:34.093920,2021-07-02 11:07:34.571565
82,2020-11-01 13:00:00+01:00 Saint-Étienne,Saint-Étienne,True,0,0,2021-07-02 11:07:34.093920,2021-07-02 11:07:34.571565
83,2020-11-01 15:00:00+01:00 Angers,Angers,True,0,0,2021-07-02 11:07:34.093920,2021-07-02 11:07:34.571565
84,2020-11-01 15:00:00+01:00 Nîmes,Nîmes,True,0,0,2021-07-02 11:07:34.093920,2021-07-02 11:07:34.571565
85,2020-11-01 15:00:00+01:00 Dijon,Dijon,True,0,1,2021-07-02 11:07:34.093920,2021-07-02 11:07:34.571565
86,2020-11-01 15:00:00+01:00 Reims,Reims,True,2,3,2021-07-02 11:07:34.093920,2021-07-02 11:07:34.571565
87,2020-11-01 17:00:00+01:00 Monaco,Monaco,True,4,3,2021-07-02 11:07:34.093920,2021-07-02 11:07:34.571565
88,2020-11-01 21:00:00+01:00 Lille,Lille,True,1,1,2021-07-02 11:07:34.093920,2021-07-02 11:07:34.571565
89,2021-01-20 21:00:00+01:00 Marseille,Marseille,True,0,0,2021-07-02 11:07:34.093920,2021-07-02 11:07:34.571565
90,2020-11-06 21:00:00+01:00 Strasbourg,Strasbourg,True,0,0,2021-07-02 11:07:34.093920,2021-07-02 11:07:34.571565
91,2020-11-07 17:00:00+01:00 Bordeaux,Bordeaux,True,0,0,2021-07-02 11:07:34.093920,2021-07-02 11:07:34.571565
92,2020-11-07 21:00:00+01:00 Paris,Paris,True,3,3,2021-07-02 11:07:34.093920,2021-07-02 11:07:34.571565
93,2020-11-08 13:00:00+01:00 Brest,Brest,True,3,3,2021-07-02 11:07:34.093920,2021-07-02 11:07:34.571565
94,2020-11-08 15:00:00+01:00 Lens,Lens,True,4,1,2021-07-02 11:07:34.093920,2021-07-02 11:07:34.571565
95,2020-11-08 15:00:00+01:00 Metz,Metz,True,1,1,2021-07-02 11:07:34.093920,2021-07-02 11:07:34.571565
96,2020-11-08 15:00:00+01:00 Nîmes,Nîmes,True,1,0,2021-07-02 11:07:34.093920,2021-07-02 11:07:34.571565
97,2020-11-08 15:00:00+01:00 Lorient,Lorient,True,0,0,2021-07-02 11:07:34.093920,2021-07-02 11:07:34.571565
98,2020-11-08 17:00:00+01:00 Nice,Nice,True,1,0,2021-07-02 11:07:34.093920,2021-07-02 11:07:34.571565
99,2020-11-08 21:00:00+01:00 Lyon,Lyon,True,2,3,2021-07-02 11:07:34.093920,2021-07-02 11:07:34.571565
100,2020-11-20 19:00:00+01:00 Rennes,Rennes,True,0,0,2021-07-02 11:07:34.093920,2021-07-02 11:07:34.571565
101,2020-11-20 21:00:00+01:00 Monaco,Monaco,True,3,3,2021-07-02 11:07:34.093920,2021-07-02 11:07:34.571565
102,2020-11-21 17:00:00+01:00 Brest,Brest,True,4,3,2021-07-02 11:07:34.093920,2021-07-02 11:07:34.571565
103,2020-11-22 13:00:00+01:00 Nantes,Nantes,True,1,1,2021-07-02 11:07:34.093920,2021-07-02 11:07:34.571565
104,2020-11-22 15:00:00+01:00 Montpellier,Montpellier,True,4,3,2021-07-02 11:07:34.093920,2021-07-02 11:07:34.571565
105,2020-11-22 15:00:00+01:00 Dijon,Dijon,True,0,0,2021-07-02 11:07:34.093920,2021-07-02 11:07:34.571565
106,2020-11-22 15:00:00+01:00 Reims,Reims,True,0,0,2021-07-02 11:07:34.093920,2021-07-02 11:07:34.571565
107,2020-11-22 17:00:00+01:00 Angers,Angers,True,0,0,2021-07-02 11:07:34.093920,2021-07-02 11:07:34.571565
108,2020-11-22 21:00:00+01:00 Lille,Lille,True,4,3,2021-07-02 11:07:34.093920,2021-07-02 11:07:34.571565
109,2021-02-17 21:00:00+01:00 Marseille,Marseille,True,3,3,2021-07-02 11:07:34.093920,2021-07-02 11:07:34.571565
110,2020-11-27 21:00:00+01:00 Strasbourg,Strasbourg,True,1,1,2021-07-02 11:07:34.093920,2021-07-02 11:07:34.571565
111,2020-11-28 17:00:00+01:00 Marseille,Marseille,True,3,3,2021-07-02 11:07:34.093920,2021-07-02 11:07:34.571565
112,2020-11-28 21:00:00+01:00 Paris,Paris,True,2,1,2021-07-02 11:07:34.093920,2021-07-02 11:07:34.571565
113,2020-11-29 13:00:00+01:00 Lyon,Lyon,True,3,3,2021-07-02 11:07:34.093920,2021-07-02 11:07:34.571565
114,2020-11-29 15:00:00+01:00 Lens,Lens,True,1,0,2021-07-02 11:07:34.093920,2021-07-02 11:07:34.571565
115,2020-11-29 15:00:00+01:00 Lorient,Lorient,True,0,0,2021-07-02 11:07:34.093920,2021-07-02 11:07:34.571565
116,2020-11-29 15:00:00+01:00 Monaco,Monaco,True,3,3,2021-07-02 11:07:34.093920,2021-07-02 11:07:34.571565
117,2020-11-29 15:00:00+01:00 Metz,Metz,True,0,0,2021-07-02 11:07:34.093920,2021-07-02 11:07:34.571565
118,2020-11-29 17:00:00+01:00 Nice,Nice,True,1,0,2021-07-02 11:07:34.093920,2021-07-02 11:07:34.571565
119,2020-11-29 21:00:00+01:00 Saint-Étienne,Saint-Étienne,True,1,1,2021-07-02 11:07:34.093920,2021-07-02 11:07:34.571565
120,2020-12-04 21:00:00+01:00 Nîmes,Nîmes,True,0,0,2021-07-02 11:07:34.093920,2021-07-02 11:07:34.571565
121,2020-12-05 17:00:00+01:00 Rennes,Rennes,True,0,0,2021-07-02 11:07:34.093920,2021-07-02 11:07:34.571565
122,2020-12-05 21:00:00+01:00 Montpellier,Montpellier,True,1,0,2021-07-02 11:07:34.093920,2021-07-02 11:07:34.571565
123,2020-12-06 13:00:00+01:00 Lille,Lille,True,2,3,2021-07-02 11:07:34.093920,2021-07-02 11:07:34.571565
124,2020-12-06 15:00:00+01:00 Angers,Angers,True,2,3,2021-07-02 11:07:34.093920,2021-07-02 11:07:34.571565
125,2020-12-06 15:00:00+01:00 Bordeaux,Bordeaux,True,1,3,2021-07-02 11:07:34.093920,2021-07-02 11:07:34.571565
126,2020-12-06 15:00:00+01:00 Nantes,Nantes,True,0,0,2021-07-02 11:07:34.093920,2021-07-02 11:07:34.571565
127,2020-12-06 15:00:00+01:00 Dijon,Dijon,True,0,1,2021-07-02 11:07:34.093920,2021-07-02 11:07:34.571565
128,2020-12-06 17:00:00+01:00 Reims,Reims,True,0,1,2021-07-02 11:07:34.093920,2021-07-02 11:07:34.571565
129,2020-12-06 21:00:00+01:00 Metz,Metz,True,1,0,2021-07-02 11:07:34.093920,2021-07-02 11:07:34.571565
130,2020-12-11 21:00:00+01:00 Saint-Étienne,Saint-Étienne,True,0,1,2021-07-02 11:07:34.093920,2021-07-02 11:07:34.571565
131,2020-12-12 17:00:00+01:00 Marseille,Marseille,True,2,3,2021-07-02 11:07:34.093920,2021-07-02 11:07:34.571565
132,2020-12-12 21:00:00+01:00 Lens,Lens,True,2,0,2021-07-02 11:07:34.093920,2021-07-02 11:07:34.571565
133,2020-12-13 13:00:00+01:00 Nice,Nice,True,0,0,2021-07-02 11:07:34.093920,2021-07-02 11:07:34.571565
134,2020-12-13 15:00:00+01:00 Brest,Brest,True,2,3,2021-07-02 11:07:34.093920,2021-07-02 11:07:34.571565
135,2020-12-13 15:00:00+01:00 Strasbourg,Strasbourg,True,2,1,2021-07-02 11:07:34.093920,2021-07-02 11:07:34.571565
136,2020-12-13 15:00:00+01:00 Nantes,Nantes,True,1,1,2021-07-02 11:07:34.093920,2021-07-02 11:07:34.571565
137,2020-12-13 15:00:00+01:00 Lorient,Lorient,True,3,3,2021-07-02 11:07:34.093920,2021-07-02 11:07:34.571565
138,2020-12-13 17:00:00+01:00 Lille,Lille,True,2,3,2021-07-02 11:07:34.093920,2021-07-02 11:07:34.571565
139,2020-12-13 21:00:00+01:00 Paris,Paris,True,0,0,2021-07-02 11:07:34.093920,2021-07-02 11:07:34.571565
140,2020-12-16 19:00:00+01:00 Dijon,Dijon,True,0,0,2021-07-02 11:07:34.093920,2021-07-02 11:07:34.571565
141,2020-12-16 19:00:00+01:00 Montpellier,Montpellier,True,0,0,2021-07-02 11:07:34.093920,2021-07-02 11:07:34.571565
142,2020-12-16 19:00:00+01:00 Angers,Angers,True,0,0,2021-07-02 11:07:34.093920,2021-07-02 11:07:34.571565
143,2020-12-16 19:00:00+01:00 Nîmes,Nîmes,True,0,0,2021-07-02 11:07:34.093920,2021-07-02 11:07:34.571565
144,2020-12-16 19:00:00+01:00 Reims,Reims,True,3,3,2021-07-02 11:07:34.093920,2021-07-02 11:07:34.571565
145,2020-12-16 21:00:00+01:00 Lyon,Lyon,True,2,1,2021-07-02 11:07:34.093920,2021-07-02 11:07:34.571565
146,2020-12-16 21:00:00+01:00 Paris,Paris,True,2,3,2021-07-02 11:07:34.093920,2021-07-02 11:07:34.571565
147,2020-12-16 21:00:00+01:00 Rennes,Rennes,True,2,3,2021-07-02 11:07:34.093920,2021-07-02 11:07:34.571565
148,2020-12-16 21:00:00+01:00 Monaco,Monaco,True,0,0,2021-07-02 11:07:34.093920,2021-07-02 11:07:34.571565
149,2020-12-16 21:00:00+01:00 Bordeaux,Bordeaux,True,1,0,2021-07-02 11:07:34.093920,2021-07-02 11:07:34.571565
150,2020-12-19 17:00:00+01:00 Metz,Metz,True,2,3,2021-07-02 11:07:34.093920,2021-07-02 11:07:34.571565
151,2020-12-19 19:00:00+01:00 Marseille,Marseille,True,1,1,2021-07-02 11:07:34.093920,2021-07-02 11:07:34.571565
152,2020-12-19 21:00:00+01:00 Nice,Nice,True,1,0,2021-07-02 11:07:34.093920,2021-07-02 11:07:34.571565
153,2020-12-20 13:00:00+01:00 Brest,Brest,True,2,1,2021-07-02 11:07:34.093920,2021-07-02 11:07:34.571565
154,2020-12-20 15:00:00+01:00 Dijon,Dijon,True,0,0,2021-07-02 11:07:34.093920,2021-07-02 11:07:34.571565
155,2020-12-20 15:00:00+01:00 Nantes,Nantes,True,1,1,2021-07-02 11:07:34.093920,2021-07-02 11:07:34.571565
156,2020-12-20 15:00:00+01:00 Strasbourg,Strasbourg,True,0,0,2021-07-02 11:07:34.093920,2021-07-02 11:07:34.571565
157,2020-12-20 15:00:00+01:00 Saint-Étienne,Saint-Étienne,True,2,1,2021-07-02 11:07:34.093920,2021-07-02 11:07:34.571565
158,2020-12-20 17:00:00+01:00 Lorient,Lorient,True,0,0,2021-07-02 11:07:34.093920,2021-07-02 11:07:34.571565
159,2020-12-20 21:00:00+01:00 Lille,Lille,True,0,1,2021-07-02 11:07:34.093920,2021-07-02 11:07:34.571565
160,2020-12-23 19:00:00+01:00 Rennes,Rennes,True,1,3,2021-07-02 11:07:34.093920,2021-07-02 11:07:34.571565
161,2020-12-23 19:00:00+01:00 Lens,Lens,True,2,3,2021-07-02 11:07:34.093920,2021-07-02 11:07:34.571565
162,2020-12-23 19:00:00+01:00 Bordeaux,Bordeaux,True,1,0,2021-07-02 11:07:34.093920,2021-07-02 11:07:34.571565
163,2020-12-23 19:00:00+01:00 Nice,Nice,True,2,1,2021-07-02 11:07:34.093920,2021-07-02 11:07:34.571565
164,2020-12-23 19:00:00+01:00 Nîmes,Nîmes,True,1,0,2021-07-02 11:07:34.093920,2021-07-02 11:07:34.571565
165,2020-12-23 21:00:00+01:00 Montpellier,Montpellier,True,2,0,2021-07-02 11:07:34.093920,2021-07-02 11:07:34.571565
166,2020-12-23 21:00:00+01:00 Lyon,Lyon,True,3,3,2021-07-02 11:07:34.093920,2021-07-02 11:07:34.571565
167,2020-12-23 21:00:00+01:00 Paris,Paris,True,4,3,2021-07-02 11:07:34.093920,2021-07-02 11:07:34.571565
168,2020-12-23 21:00:00+01:00 Angers,Angers,True,2,3,2021-07-02 11:07:34.093920,2021-07-02 11:07:34.571565
169,2020-12-23 21:00:00+01:00 Monaco,Monaco,True,2,1,2021-07-02 11:07:34.093920,2021-07-02 11:07:34.571565
170,2021-01-06 19:00:00+01:00 Nantes,Nantes,True,0,1,2021-07-02 11:07:34.093920,2021-07-02 11:07:34.571565
171,2021-01-06 19:00:00+01:00 Lorient,Lorient,True,2,0,2021-07-02 11:07:34.093920,2021-07-02 11:07:34.571565
172,2021-01-06 19:00:00+01:00 Metz,Metz,True,0,1,2021-07-02 11:07:34.093920,2021-07-02 11:07:34.571565
173,2021-01-06 19:00:00+01:00 Brest,Brest,True,2,3,2021-07-02 11:07:34.093920,2021-07-02 11:07:34.571565
174,2021-01-06 19:00:00+01:00 Strasbourg,Strasbourg,True,5,3,2021-07-02 11:07:34.093920,2021-07-02 11:07:34.571565
175,2021-01-06 21:00:00+01:00 Lyon,Lyon,True,3,3,2021-07-02 11:07:34.093920,2021-07-02 11:07:34.571565
176,2021-01-06 21:00:00+01:00 Lille,Lille,True,1,0,2021-07-02 11:07:34.093920,2021-07-02 11:07:34.571565
177,2021-01-06 21:00:00+01:00 Saint-Étienne,Saint-Étienne,True,1,1,2021-07-02 11:07:34.093920,2021-07-02 11:07:34.571565
178,2021-01-06 21:00:00+01:00 Marseille,Marseille,True,3,3,2021-07-02 11:07:34.093920,2021-07-02 11:07:34.571565
179,2021-01-06 21:00:00+01:00 Reims,Reims,True,0,1,2021-07-02 11:07:34.093920,2021-07-02 11:07:34.571565
180,2021-01-09 21:00:00+01:00 Rennes,Rennes,True,2,1,2021-07-02 11:07:34.093920,2021-07-02 11:07:34.571565
181,2021-01-09 21:00:00+01:00 Paris,Paris,True,3,3,2021-07-02 11:07:34.093920,2021-07-02 11:07:34.571565
182,2021-01-09 21:00:00+01:00 Nîmes,Nîmes,True,0,0,2021-07-02 11:07:34.093920,2021-07-02 11:07:34.571565
183,2021-01-09 21:00:00+01:00 Dijon,Dijon,True,0,1,2021-07-02 11:07:34.093920,2021-07-02 11:07:34.571565
184,2021-01-09 21:00:00+01:00 Monaco,Monaco,True,3,3,2021-07-02 11:07:34.093920,2021-07-02 11:07:34.571565
185,2021-01-09 21:00:00+01:00 Lens,Lens,True,0,0,2021-07-02 11:07:34.093920,2021-07-02 11:07:34.571565
186,2021-01-09 21:00:00+01:00 Montpellier,Montpellier,True,1,1,2021-07-02 11:07:34.093920,2021-07-02 11:07:34.571565
187,2021-01-09 21:00:00+01:00 Metz,Metz,True,1,1,2021-07-02 11:07:34.093920,2021-07-02 11:07:34.571565
188,2021-01-09 21:00:00+01:00 Bordeaux,Bordeaux,True,2,3,2021-07-02 11:07:34.093920,2021-07-02 11:07:34.571565
189,2021-01-09 21:00:00+01:00 Reims,Reims,True,3,3,2021-07-02 11:07:34.093920,2021-07-02 11:07:34.571565
190,2021-01-15 21:00:00+01:00 Montpellier,Montpellier,True,2,0,2021-07-02 11:07:34.093920,2021-07-02 11:07:34.571565
191,2021-01-16 17:00:00+01:00 Marseille,Marseille,True,1,0,2021-07-02 11:07:34.093920,2021-07-02 11:07:34.571565
192,2021-01-16 21:00:00+01:00 Angers,Angers,True,0,0,2021-07-02 11:07:34.093920,2021-07-02 11:07:34.571565
193,2021-01-17 13:00:00+01:00 Brest,Brest,True,1,0,2021-07-02 11:07:34.093920,2021-07-02 11:07:34.571565
194,2021-01-17 15:00:00+01:00 Nantes,Nantes,True,1,1,2021-07-02 11:07:34.093920,2021-07-02 11:07:34.571565
195,2021-01-17 15:00:00+01:00 Nice,Nice,True,0,0,2021-07-02 11:07:34.093920,2021-07-02 11:07:34.571565
196,2021-01-17 15:00:00+01:00 Strasbourg,Strasbourg,True,1,3,2021-07-02 11:07:34.093920,2021-07-02 11:07:34.571565
197,2021-01-17 17:00:00+01:00 Lille,Lille,True,2,3,2021-07-02 11:07:34.093920,2021-07-02 11:07:34.571565
198,2021-01-17 21:00:00+01:00 Lyon,Lyon,True,0,0,2021-07-02 11:07:34.093920,2021-07-02 11:07:34.571565
199,2021-01-27 21:00:00+01:00 Lorient,Lorient,True,3,3,2021-07-02 11:07:34.093920,2021-07-02 11:07:34.571565
200,2021-01-22 21:00:00+01:00 Paris,Paris,True,4,3,2021-07-02 11:07:34.093920,2021-07-02 11:07:34.571565
201,2021-01-23 17:00:00+01:00 Lens,Lens,True,0,0,2021-07-02 11:07:34.093920,2021-07-02 11:07:34.571565
202,2021-01-23 21:00:00+01:00 Monaco,Monaco,True,3,3,2021-07-02 11:07:34.093920,2021-07-02 11:07:34.571565
203,2021-01-24 13:00:00+01:00 Bordeaux,Bordeaux,True,2,3,2021-07-02 11:07:34.093920,2021-07-02 11:07:34.571565
204,2021-01-24 15:00:00+01:00 Metz,Metz,True,2,3,2021-07-02 11:07:34.093920,2021-07-02 11:07:34.571565
205,2021-01-24 15:00:00+01:00 Reims,Reims,True,1,3,2021-07-02 11:07:34.093920,2021-07-02 11:07:34.571565
206,2021-01-24 15:00:00+01:00 Dijon,Dijon,True,1,1,2021-07-02 11:07:34.093920,2021-07-02 11:07:34.571565
207,2021-01-24 17:00:00+01:00 Rennes,Rennes,True,0,0,2021-07-02 11:07:34.093920,2021-07-02 11:07:34.571565
208,2021-01-24 21:00:00+01:00 Saint-Étienne,Saint-Étienne,True,0,0,2021-07-02 11:07:34.093920,2021-07-02 11:07:34.571565
209,2021-02-24 19:00:00+01:00 Nîmes,Nîmes,True,1,3,2021-07-02 11:07:34.093920,2021-07-02 11:07:34.571565
210,2021-01-29 21:00:00+01:00 Lyon,Lyon,True,2,3,2021-07-02 11:07:34.093920,2021-07-02 11:07:34.571565
211,2021-01-30 17:00:00+01:00 Montpellier,Montpellier,True,1,0,2021-07-02 11:07:34.093920,2021-07-02 11:07:34.571565
212,2021-01-31 13:00:00+01:00 Nice,Nice,True,0,0,2021-07-02 11:07:34.093920,2021-07-02 11:07:34.571565
213,2021-01-31 15:00:00+01:00 Lorient,Lorient,True,3,3,2021-07-02 11:07:34.093920,2021-07-02 11:07:34.571565
214,2021-01-31 15:00:00+01:00 Brest,Brest,True,2,0,2021-07-02 11:07:34.093920,2021-07-02 11:07:34.571565
215,2021-01-31 15:00:00+01:00 Angers,Angers,True,3,3,2021-07-02 11:07:34.093920,2021-07-02 11:07:34.571565
216,2021-01-31 15:00:00+01:00 Strasbourg,Strasbourg,True,0,0,2021-07-02 11:07:34.093920,2021-07-02 11:07:34.571565
217,2021-01-31 17:00:00+01:00 Lille,Lille,True,1,3,2021-07-02 11:07:34.093920,2021-07-02 11:07:34.571565
218,2021-01-31 21:00:00+01:00 Nantes,Nantes,True,1,0,2021-07-02 11:07:34.093920,2021-07-02 11:07:34.571565
219,2021-03-10 19:00:00+01:00 Marseille,Marseille,True,1,3,2021-07-02 11:07:34.093920,2021-07-02 11:07:34.571565
220,2021-02-03 19:00:00+01:00 Bordeaux,Bordeaux,True,0,0,2021-07-02 11:07:34.093920,2021-07-02 11:07:34.571565
221,2021-02-03 19:00:00+01:00 Rennes,Rennes,True,1,1,2021-07-02 11:07:34.093920,2021-07-02 11:07:34.571565
222,2021-02-03 19:00:00+01:00 Metz,Metz,True,1,1,2021-07-02 11:07:34.093920,2021-07-02 11:07:34.571565
223,2021-02-03 19:00:00+01:00 Reims,Reims,True,0,1,2021-07-02 11:07:34.093920,2021-07-02 11:07:34.571565
224,2021-02-03 19:00:00+01:00 Strasbourg,Strasbourg,True,2,1,2021-07-02 11:07:34.093920,2021-07-02 11:07:34.571565
225,2021-02-03 21:00:00+01:00 Dijon,Dijon,True,0,0,2021-07-02 11:07:34.093920,2021-07-02 11:07:34.571565
226,2021-02-03 21:00:00+01:00 Paris,Paris,True,3,3,2021-07-02 11:07:34.093920,2021-07-02 11:07:34.571565
227,2021-02-03 21:00:00+01:00 Monaco,Monaco,True,2,3,2021-07-02 11:07:34.093920,2021-07-02 11:07:34.571565
228,2021-02-03 21:00:00+01:00 Lens,Lens,True,2,1,2021-07-02 11:07:34.093920,2021-07-02 11:07:34.571565
229,2021-02-03 21:00:00+01:00 Saint-Étienne,Saint-Étienne,True,1,1,2021-07-02 11:07:34.093920,2021-07-02 11:07:34.571565
230,2021-02-06 17:00:00+01:00 Lorient,Lorient,True,1,3,2021-07-02 11:07:34.093920,2021-07-02 11:07:34.571565
231,2021-02-06 19:00:00+01:00 Lyon,Lyon,True,3,3,2021-07-02 11:07:34.093920,2021-07-02 11:07:34.571565
232,2021-02-06 21:00:00+01:00 Lens,Lens,True,0,1,2021-07-02 11:07:34.093920,2021-07-02 11:07:34.571565
233,2021-02-07 13:00:00+01:00 Brest,Brest,True,2,3,2021-07-02 11:07:34.093920,2021-07-02 11:07:34.571565
234,2021-02-07 15:00:00+01:00 Nîmes,Nîmes,True,3,0,2021-07-02 11:07:34.093920,2021-07-02 11:07:34.571565
235,2021-02-07 15:00:00+01:00 Saint-Étienne,Saint-Étienne,True,1,3,2021-07-02 11:07:34.093920,2021-07-02 11:07:34.571565
236,2021-02-07 15:00:00+01:00 Nice,Nice,True,3,3,2021-07-02 11:07:34.093920,2021-07-02 11:07:34.571565
237,2021-02-07 15:00:00+01:00 Montpellier,Montpellier,True,4,3,2021-07-02 11:07:34.093920,2021-07-02 11:07:34.571565
238,2021-02-07 17:00:00+01:00 Nantes,Nantes,True,0,0,2021-07-02 11:07:34.093920,2021-07-02 11:07:34.571565
239,2021-02-07 21:00:00+01:00 Marseille,Marseille,True,0,0,2021-07-02 11:07:34.093920,2021-07-02 11:07:34.571565
240,2021-02-13 17:00:00+01:00 Paris,Paris,True,2,3,2021-07-02 11:07:34.093920,2021-07-02 11:07:34.571565
241,2021-02-13 19:00:00+01:00 Reims,Reims,True,1,1,2021-07-02 11:07:34.093920,2021-07-02 11:07:34.571565
242,2021-02-13 21:00:00+01:00 Lyon,Lyon,True,1,0,2021-07-02 11:07:34.093920,2021-07-02 11:07:34.571565
243,2021-02-14 13:00:00+01:00 Monaco,Monaco,True,2,1,2021-07-02 11:07:34.093920,2021-07-02 11:07:34.571565
244,2021-02-14 15:00:00+01:00 Rennes,Rennes,True,0,0,2021-07-02 11:07:34.093920,2021-07-02 11:07:34.571565
245,2021-02-14 15:00:00+01:00 Metz,Metz,True,1,0,2021-07-02 11:07:34.093920,2021-07-02 11:07:34.571565
246,2021-02-14 15:00:00+01:00 Angers,Angers,True,1,0,2021-07-02 11:07:34.093920,2021-07-02 11:07:34.571565
247,2021-02-14 15:00:00+01:00 Dijon,Dijon,True,0,0,2021-07-02 11:07:34.093920,2021-07-02 11:07:34.571565
248,2021-02-14 17:05:00+01:00 Lille,Lille,True,0,1,2021-07-02 11:07:34.093920,2021-07-02 11:07:34.571565
249,2021-02-14 21:00:00+01:00 Bordeaux,Bordeaux,True,0,1,2021-07-02 11:07:34.093920,2021-07-02 11:07:34.571565
250,2021-02-19 21:00:00+01:00 Brest,Brest,True,2,0,2021-07-02 11:07:34.093920,2021-07-02 11:07:34.571565
251,2021-02-20 13:00:00+01:00 Saint-Étienne,Saint-Étienne,True,1,1,2021-07-02 11:07:34.093920,2021-07-02 11:07:34.571565
252,2021-02-20 17:00:00+01:00 Nantes,Nantes,True,1,1,2021-07-02 11:07:34.093920,2021-07-02 11:07:34.571565
253,2021-02-21 13:00:00+01:00 Montpellier,Montpellier,True,2,3,2021-07-02 11:07:34.093920,2021-07-02 11:07:34.571565
254,2021-02-21 15:00:00+01:00 Lens,Lens,True,2,3,2021-07-02 11:07:34.093920,2021-07-02 11:07:34.571565
255,2021-02-21 15:00:00+01:00 Nice,Nice,True,1,0,2021-07-02 11:07:34.093920,2021-07-02 11:07:34.571565
256,2021-02-21 15:00:00+01:00 Strasbourg,Strasbourg,True,0,1,2021-07-02 11:07:34.093920,2021-07-02 11:07:34.571565
257,2021-02-21 15:00:00+01:00 Nîmes,Nîmes,True,2,3,2021-07-02 11:07:34.093920,2021-07-02 11:07:34.571565
258,2021-02-21 17:05:00+01:00 Lorient,Lorient,True,1,0,2021-07-02 11:07:34.093920,2021-07-02 11:07:34.571565
259,2021-02-21 21:00:00+01:00 Paris,Paris,True,0,0,2021-07-02 11:07:34.093920,2021-07-02 11:07:34.571565
260,2021-02-26 21:00:00+01:00 Rennes,Rennes,True,1,0,2021-07-02 11:07:34.093920,2021-07-02 11:07:34.571565
261,2021-02-27 13:00:00+01:00 Bordeaux,Bordeaux,True,1,0,2021-07-02 11:07:34.093920,2021-07-02 11:07:34.571565
262,2021-02-27 17:00:00+01:00 Dijon,Dijon,True,0,0,2021-07-02 11:07:34.093920,2021-07-02 11:07:34.571565
263,2021-02-28 13:00:00+01:00 Monaco,Monaco,True,2,3,2021-07-02 11:07:34.093920,2021-07-02 11:07:34.571565
264,2021-02-28 15:00:00+01:00 Angers,Angers,True,2,1,2021-07-02 11:07:34.093920,2021-07-02 11:07:34.571565
265,2021-02-28 15:00:00+01:00 Reims,Reims,True,0,1,2021-07-02 11:07:34.093920,2021-07-02 11:07:34.571565
266,2021-02-28 15:00:00+01:00 Lorient,Lorient,True,2,3,2021-07-02 11:07:34.093920,2021-07-02 11:07:34.571565
267,2021-02-28 15:00:00+01:00 Nîmes,Nîmes,True,1,1,2021-07-02 11:07:34.093920,2021-07-02 11:07:34.571565
268,2021-02-28 17:05:00+01:00 Lille,Lille,True,1,1,2021-07-02 11:07:34.093920,2021-07-02 11:07:34.571565
269,2021-02-28 21:00:00+01:00 Marseille,Marseille,True,1,1,2021-07-02 11:07:34.093920,2021-07-02 11:07:34.571565
270,2021-03-03 19:00:00+01:00 Lyon,Lyon,True,1,3,2021-07-02 11:07:34.093920,2021-07-02 11:07:34.571565
271,2021-03-03 19:00:00+01:00 Metz,Metz,True,0,0,2021-07-02 11:07:34.093920,2021-07-02 11:07:34.571565
272,2021-03-03 19:00:00+01:00 Saint-Étienne,Saint-Étienne,True,2,0,2021-07-02 11:07:34.093920,2021-07-02 11:07:34.571565
273,2021-03-03 19:00:00+01:00 Nice,Nice,True,2,3,2021-07-02 11:07:34.093920,2021-07-02 11:07:34.571565
274,2021-03-03 19:00:00+01:00 Brest,Brest,True,3,3,2021-07-02 11:07:34.093920,2021-07-02 11:07:34.571565
275,2021-03-03 21:00:00+01:00 Lille,Lille,True,2,3,2021-07-02 11:07:34.093920,2021-07-02 11:07:34.571565
276,2021-03-03 21:00:00+01:00 Bordeaux,Bordeaux,True,0,0,2021-07-02 11:07:34.093920,2021-07-02 11:07:34.571565
277,2021-03-03 21:00:00+01:00 Strasbourg,Strasbourg,True,1,3,2021-07-02 11:07:34.093920,2021-07-02 11:07:34.571565
278,2021-03-03 21:00:00+01:00 Montpellier,Montpellier,True,1,1,2021-07-02 11:07:34.093920,2021-07-02 11:07:34.571565
279,2021-03-03 21:00:00+01:00 Nantes,Nantes,True,1,0,2021-07-02 11:07:34.093920,2021-07-02 11:07:34.571565
280,2021-03-12 21:00:00+01:00 Reims,Reims,True,1,1,2021-07-02 11:07:34.093920,2021-07-02 11:07:34.571565
281,2021-03-13 13:00:00+01:00 Angers,Angers,True,0,0,2021-07-02 11:07:34.093920,2021-07-02 11:07:34.571565
282,2021-03-13 17:00:00+01:00 Marseille,Marseille,True,3,3,2021-07-02 11:07:34.093920,2021-07-02 11:07:34.571565
283,2021-03-14 13:00:00+01:00 Nîmes,Nîmes,True,1,1,2021-07-02 11:07:34.093920,2021-07-02 11:07:34.571565
284,2021-03-14 15:00:00+01:00 Lens,Lens,True,2,1,2021-07-02 11:07:34.093920,2021-07-02 11:07:34.571565
285,2021-03-14 15:00:00+01:00 Rennes,Rennes,True,1,3,2021-07-02 11:07:34.093920,2021-07-02 11:07:34.571565
286,2021-03-14 15:00:00+01:00 Lorient,Lorient,True,1,1,2021-07-02 11:07:34.093920,2021-07-02 11:07:34.571565
287,2021-03-14 15:00:00+01:00 Dijon,Dijon,True,1,0,2021-07-02 11:07:34.093920,2021-07-02 11:07:34.571565
288,2021-03-14 17:05:00+01:00 Monaco,Monaco,True,0,1,2021-07-02 11:07:34.093920,2021-07-02 11:07:34.571565
289,2021-03-14 21:00:00+01:00 Paris,Paris,True,1,0,2021-07-02 11:07:34.093920,2021-07-02 11:07:34.571565
290,2021-03-19 21:00:00+01:00 Saint-Étienne,Saint-Étienne,True,0,0,2021-07-02 11:07:34.093920,2021-07-02 11:07:34.571565
291,2021-03-20 13:00:00+01:00 Metz,Metz,True,1,0,2021-07-02 11:07:34.093920,2021-07-02 11:07:34.571565
292,2021-03-20 17:00:00+01:00 Nice,Nice,True,3,3,2021-07-02 11:07:34.093920,2021-07-02 11:07:34.571565
293,2021-03-21 13:00:00+01:00 Strasbourg,Strasbourg,True,1,0,2021-07-02 11:07:34.093920,2021-07-02 11:07:34.571565
294,2021-03-21 15:00:00+01:00 Montpellier,Montpellier,True,3,3,2021-07-02 11:07:34.093920,2021-07-02 11:07:34.571565
295,2021-03-21 15:00:00+01:00 Brest,Brest,True,0,1,2021-07-02 11:07:34.093920,2021-07-02 11:07:34.571565
296,2021-03-21 15:00:00+01:00 Dijon,Dijon,True,0,0,2021-07-02 11:07:34.093920,2021-07-02 11:07:34.571565
297,2021-03-21 15:00:00+01:00 Nantes,Nantes,True,1,1,2021-07-02 11:07:34.093920,2021-07-02 11:07:34.571565
298,2021-03-21 17:05:00+01:00 Lille,Lille,True,1,0,2021-07-02 11:07:34.093920,2021-07-02 11:07:34.571565
299,2021-03-21 21:00:00+01:00 Lyon,Lyon,True,2,0,2021-07-02 11:07:34.093920,2021-07-02 11:07:34.571565
300,2021-04-03 13:00:00+02:00 Monaco,Monaco,True,4,3,2021-07-02 11:07:34.093920,2021-07-02 11:07:34.571565
301,2021-04-03 17:00:00+02:00 Paris,Paris,True,0,0,2021-07-02 11:07:34.093920,2021-07-02 11:07:34.571565
302,2021-04-03 21:00:00+02:00 Lens,Lens,True,1,1,2021-07-02 11:07:34.093920,2021-07-02 11:07:34.571565
303,2021-04-04 13:00:00+02:00 Angers,Angers,True,1,1,2021-07-02 11:07:34.093920,2021-07-02 11:07:34.571565
304,2021-04-04 15:00:00+02:00 Reims,Reims,True,2,1,2021-07-02 11:07:34.093920,2021-07-02 11:07:34.571565
305,2021-04-04 15:00:00+02:00 Nantes,Nantes,True,1,0,2021-07-02 11:07:34.093920,2021-07-02 11:07:34.571565
306,2021-04-04 15:00:00+02:00 Bordeaux,Bordeaux,True,2,0,2021-07-02 11:07:34.093920,2021-07-02 11:07:34.571565
307,2021-04-04 15:00:00+02:00 Lorient,Lorient,True,1,3,2021-07-02 11:07:34.093920,2021-07-02 11:07:34.571565
308,2021-04-04 17:05:00+02:00 Nîmes,Nîmes,True,0,0,2021-07-02 11:07:34.093920,2021-07-02 11:07:34.571565
309,2021-04-04 21:00:00+02:00 Marseille,Marseille,True,2,3,2021-07-02 11:07:34.093920,2021-07-02 11:07:34.571565
310,2021-04-09 21:00:00+02:00 Metz,Metz,True,0,0,2021-07-02 11:07:34.093920,2021-07-02 11:07:34.571565
311,2021-04-10 17:00:00+02:00 Strasbourg,Strasbourg,True,1,0,2021-07-02 11:07:34.093920,2021-07-02 11:07:34.571565
312,2021-04-10 21:00:00+02:00 Montpellier,Montpellier,True,3,1,2021-07-02 11:07:34.093920,2021-07-02 11:07:34.571565
313,2021-04-11 13:00:00+02:00 Rennes,Rennes,True,1,3,2021-07-02 11:07:34.093920,2021-07-02 11:07:34.571565
314,2021-04-11 15:00:00+02:00 Lens,Lens,True,4,3,2021-07-02 11:07:34.093920,2021-07-02 11:07:34.571565
315,2021-04-11 15:00:00+02:00 Nice,Nice,True,0,1,2021-07-02 11:07:34.093920,2021-07-02 11:07:34.571565
316,2021-04-11 15:00:00+02:00 Saint-Étienne,Saint-Étienne,True,4,3,2021-07-02 11:07:34.093920,2021-07-02 11:07:34.571565
317,2021-04-11 15:00:00+02:00 Brest,Brest,True,1,1,2021-07-02 11:07:34.093920,2021-07-02 11:07:34.571565
318,2021-04-11 17:05:00+02:00 Monaco,Monaco,True,3,3,2021-07-02 11:07:34.093920,2021-07-02 11:07:34.571565
319,2021-04-11 21:00:00+02:00 Lyon,Lyon,True,3,3,2021-07-02 11:07:34.093920,2021-07-02 11:07:34.571565
320,2021-04-16 21:00:00+02:00 Lille,Lille,True,1,1,2021-07-02 11:07:34.093920,2021-07-02 11:07:34.571565
321,2021-04-17 12:45:00+02:00 Angers,Angers,True,0,0,2021-07-02 11:07:34.093920,2021-07-02 11:07:34.571565
322,2021-04-17 17:00:00+02:00 Marseille,Marseille,True,3,3,2021-07-02 11:07:34.093920,2021-07-02 11:07:34.571565
323,2021-04-18 13:00:00+02:00 Paris,Paris,True,3,3,2021-07-02 11:07:34.093920,2021-07-02 11:07:34.571565
324,2021-04-18 15:00:00+02:00 Brest,Brest,True,1,1,2021-07-02 11:07:34.093920,2021-07-02 11:07:34.571565
325,2021-04-18 15:00:00+02:00 Dijon,Dijon,True,2,3,2021-07-02 11:07:34.093920,2021-07-02 11:07:34.571565
326,2021-04-18 15:00:00+02:00 Reims,Reims,True,0,1,2021-07-02 11:07:34.093920,2021-07-02 11:07:34.571565
327,2021-04-18 15:00:00+02:00 Nîmes,Nîmes,True,1,1,2021-07-02 11:07:34.093920,2021-07-02 11:07:34.571565
328,2021-04-18 17:05:00+02:00 Bordeaux,Bordeaux,True,0,0,2021-07-02 11:07:34.093920,2021-07-02 11:07:34.571565
329,2021-04-18 21:00:00+02:00 Nantes,Nantes,True,1,0,2021-07-02 11:07:34.093920,2021-07-02 11:07:34.571565
330,2021-04-23 21:00:00+02:00 Reims,Reims,True,1,0,2021-07-02 11:07:34.093920,2021-07-02 11:07:34.571565
331,2021-04-24 13:00:00+02:00 Saint-Étienne,Saint-Étienne,True,1,0,2021-07-02 11:07:34.093920,2021-07-02 11:07:34.571565
332,2021-04-24 17:00:00+02:00 Metz,Metz,True,1,0,2021-07-02 11:07:34.093920,2021-07-02 11:07:34.571565
333,2021-04-25 13:00:00+02:00 Nice,Nice,True,3,3,2021-07-02 11:07:34.093920,2021-07-02 11:07:34.571565
334,2021-04-25 15:00:00+02:00 Lens,Lens,True,2,3,2021-07-02 11:07:34.093920,2021-07-02 11:07:34.571565
335,2021-04-25 15:00:00+02:00 Rennes,Rennes,True,5,3,2021-07-02 11:07:34.093920,2021-07-02 11:07:34.571565
336,2021-04-25 15:00:00+02:00 Strasbourg,Strasbourg,True,1,0,2021-07-02 11:07:34.093920,2021-07-02 11:07:34.571565
337,2021-04-25 15:00:00+02:00 Lorient,Lorient,True,4,3,2021-07-02 11:07:34.093920,2021-07-02 11:07:34.571565
338,2021-04-25 17:05:00+02:00 Angers,Angers,True,0,0,2021-07-02 11:07:34.093920,2021-07-02 11:07:34.571565
339,2021-04-25 21:00:00+02:00 Lyon,Lyon,True,2,0,2021-07-02 11:07:34.093920,2021-07-02 11:07:34.571565
340,2021-04-30 21:00:00+02:00 Marseille,Marseille,True,1,1,2021-07-02 11:07:34.093920,2021-07-02 11:07:34.571565
341,2021-05-01 17:00:00+02:00 Paris,Paris,True,2,3,2021-07-02 11:07:34.093920,2021-07-02 11:07:34.571565
342,2021-05-01 21:00:00+02:00 Lille,Lille,True,2,3,2021-07-02 11:07:34.093920,2021-07-02 11:07:34.571565
343,2021-05-02 13:00:00+02:00 Bordeaux,Bordeaux,True,1,3,2021-07-02 11:07:34.093920,2021-07-02 11:07:34.571565
344,2021-05-02 15:00:00+02:00 Dijon,Dijon,True,1,0,2021-07-02 11:07:34.093920,2021-07-02 11:07:34.571565
345,2021-05-02 15:00:00+02:00 Nîmes,Nîmes,True,2,1,2021-07-02 11:07:34.093920,2021-07-02 11:07:34.571565
346,2021-05-02 15:00:00+02:00 Lorient,Lorient,True,2,3,2021-07-02 11:07:34.093920,2021-07-02 11:07:34.571565
347,2021-05-02 15:00:00+02:00 Brest,Brest,True,1,0,2021-07-02 11:07:34.093920,2021-07-02 11:07:34.571565
348,2021-05-02 17:05:00+02:00 Montpellier,Montpellier,True,1,0,2021-07-02 11:07:34.093920,2021-07-02 11:07:34.571565
349,2021-05-02 21:00:00+02:00 Monaco,Monaco,True,2,0,2021-07-02 11:07:34.093920,2021-07-02 11:07:34.571565
350,2021-05-07 21:00:00+02:00 Lens,Lens,True,0,0,2021-07-02 11:07:34.093920,2021-07-02 11:07:34.571565
351,2021-05-08 13:00:00+02:00 Nantes,Nantes,True,3,3,2021-07-02 11:07:34.093920,2021-07-02 11:07:34.571565
352,2021-05-08 17:00:00+02:00 Lyon,Lyon,True,4,3,2021-07-02 11:07:34.093920,2021-07-02 11:07:34.571565
353,2021-05-09 13:00:00+02:00 Saint-Étienne,Saint-Étienne,True,1,3,2021-07-02 11:07:34.093920,2021-07-02 11:07:34.571565
354,2021-05-09 15:00:00+02:00 Strasbourg,Strasbourg,True,2,0,2021-07-02 11:07:34.093920,2021-07-02 11:07:34.571565
355,2021-05-09 15:00:00+02:00 Metz,Metz,True,0,0,2021-07-02 11:07:34.093920,2021-07-02 11:07:34.571565
356,2021-05-09 15:00:00+02:00 Nice,Nice,True,3,3,2021-07-02 11:07:34.093920,2021-07-02 11:07:34.571565
357,2021-05-09 15:00:00+02:00 Angers,Angers,True,3,3,2021-07-02 11:07:34.093920,2021-07-02 11:07:34.571565
358,2021-05-09 17:05:00+02:00 Reims,Reims,True,0,0,2021-07-02 11:07:34.093920,2021-07-02 11:07:34.571565
359,2021-05-09 21:00:00+02:00 Rennes,Rennes,True,1,1,2021-07-02 11:07:34.093920,2021-07-02 11:07:34.571565
360,2021-05-16 21:00:00+02:00 Lille,Lille,True,0,1,2021-07-02 11:07:34.093920,2021-07-02 11:07:34.571565
361,2021-05-16 21:00:00+02:00 Paris,Paris,True,4,3,2021-07-02 11:07:34.093920,2021-07-02 11:07:34.571565
362,2021-05-16 21:00:00+02:00 Monaco,Monaco,True,2,3,2021-07-02 11:07:34.093920,2021-07-02 11:07:34.571565
363,2021-05-16 21:00:00+02:00 Nîmes,Nîmes,True,2,0,2021-07-02 11:07:34.093920,2021-07-02 11:07:34.571565
364,2021-05-16 21:00:00+02:00 Marseille,Marseille,True,3,3,2021-07-02 11:07:34.093920,2021-07-02 11:07:34.571565
365,2021-05-16 21:00:00+02:00 Bordeaux,Bordeaux,True,3,3,2021-07-02 11:07:34.093920,2021-07-02 11:07:34.571565
366,2021-05-16 21:00:00+02:00 Montpellier,Montpellier,True,0,1,2021-07-02 11:07:34.093920,2021-07-02 11:07:34.571565
367,2021-05-16 21:00:00+02:00 Nice,Nice,True,0,0,2021-07-02 11:07:34.093920,2021-07-02 11:07:34.571565
368,2021-05-16 21:00:00+02:00 Lorient,Lorient,True,2,3,2021-07-02 11:07:34.093920,2021-07-02 11:07:34.571565
369,2021-05-16 21:00:00+02:00 Dijon,Dijon,True,0,0,2021-07-02 11:07:34.093920,2021-07-02 11:07:34.571565
370,2021-05-23 21:00:00+02:00 Angers,Angers,True,1,0,2021-07-02 11:07:34.093920,2021-07-02 11:07:34.571565
371,2021-05-23 21:00:00+02:00 Brest,Brest,True,0,0,2021-07-02 11:07:34.093920,2021-07-02 11:07:34.571565
372,2021-05-23 21:00:00+02:00 Lens,Lens,True,0,1,2021-07-02 11:07:34.093920,2021-07-02 11:07:34.571565
373,2021-05-23 21:00:00+02:00 Lyon,Lyon,True,2,0,2021-07-02 11:07:34.093920,2021-07-02 11:07:34.571565
374,2021-05-23 21:00:00+02:00 Metz,Metz,True,1,1,2021-07-02 11:07:34.093920,2021-07-02 11:07:34.571565
375,2021-05-23 21:00:00+02:00 Rennes,Rennes,True,2,3,2021-07-02 11:07:34.093920,2021-07-02 11:07:34.571565
376,2021-05-23 21:00:00+02:00 Nantes,Nantes,True,1,0,2021-07-02 11:07:34.093920,2021-07-02 11:07:34.571565
377,2021-05-23 21:00:00+02:00 Saint-Étienne,Saint-Étienne,True,0,0,2021-07-02 11:07:34.093920,2021-07-02 11:07:34.571565
378,2021-05-23 21:00:00+02:00 Reims,Reims,True,1,0,2021-07-02 11:07:34.093920,2021-07-02 11:07:34.571565
379,2021-05-23 21:00:00+02:00 Strasbourg,Strasbourg,True,1,1,2021-07-02 11:07:34.093920,2021-07-02 11:07:34.571565
380,2020-08-21 19:00:00+02:00 Bordeaux,Nantes,False,0,1,2021-07-02 11:07:34.093920,2021-07-02 11:07:34.571565
381,2020-08-22 17:00:00+02:00 Dijon,Angers,False,1,3,2021-07-02 11:07:34.093920,2021-07-02 11:07:34.571565
382,2020-08-22 21:00:00+02:00 Lille,Rennes,False,1,1,2021-07-02 11:07:34.093920,2021-07-02 11:07:34.571565
383,2020-08-23 13:00:00+02:00 Monaco,Reims,False,2,1,2021-07-02 11:07:34.093920,2021-07-02 11:07:34.571565
384,2020-08-23 15:00:00+02:00 Lorient,Strasbourg,False,1,0,2021-07-02 11:07:34.093920,2021-07-02 11:07:34.571565
385,2020-08-23 15:00:00+02:00 Nîmes,Brest,False,0,0,2021-07-02 11:07:34.093920,2021-07-02 11:07:34.571565
386,2020-08-23 17:00:00+02:00 Nice,Lens,False,1,0,2021-07-02 11:07:34.093920,2021-07-02 11:07:34.571565
387,2020-09-15 21:00:00+02:00 Montpellier,Lyon,False,1,0,2021-07-02 11:07:34.093920,2021-07-02 11:07:34.571565
388,2020-09-16 21:00:00+02:00 Paris,Metz,False,0,0,2021-07-02 11:07:34.093920,2021-07-02 11:07:34.571565
389,2020-09-17 21:00:00+02:00 Marseille,Saint-Étienne,False,2,3,2021-07-02 11:07:34.093920,2021-07-02 11:07:34.571565
390,2020-08-28 21:00:00+02:00 Lyon,Dijon,False,1,0,2021-07-02 11:07:34.093920,2021-07-02 11:07:34.571565
391,2020-08-29 17:00:00+02:00 Rennes,Montpellier,False,1,0,2021-07-02 11:07:34.093920,2021-07-02 11:07:34.571565
392,2020-08-29 21:00:00+02:00 Strasbourg,Nice,False,2,3,2021-07-02 11:07:34.093920,2021-07-02 11:07:34.571565
393,2020-08-30 13:00:00+02:00 Reims,Lille,False,1,3,2021-07-02 11:07:34.093920,2021-07-02 11:07:34.571565
394,2020-08-30 15:00:00+02:00 Nantes,Nîmes,False,1,0,2021-07-02 11:07:34.093920,2021-07-02 11:07:34.571565
395,2020-08-30 15:00:00+02:00 Saint-Étienne,Lorient,False,0,0,2021-07-02 11:07:34.093920,2021-07-02 11:07:34.571565
396,2020-08-30 15:00:00+02:00 Angers,Bordeaux,False,2,3,2021-07-02 11:07:34.093920,2021-07-02 11:07:34.571565
397,2020-08-30 15:00:00+02:00 Metz,Monaco,False,1,3,2021-07-02 11:07:34.093920,2021-07-02 11:07:34.571565
398,2020-08-30 21:00:00+02:00 Brest,Marseille,False,3,3,2021-07-02 11:07:34.093920,2021-07-02 11:07:34.571565
399,2020-09-10 21:00:00+02:00 Lens,Paris,False,0,0,2021-07-02 11:07:34.093920,2021-07-02 11:07:34.571565
400,2020-09-11 21:00:00+02:00 Bordeaux,Lyon,False,0,1,2021-07-02 11:07:34.093920,2021-07-02 11:07:34.571565
401,2020-09-12 17:00:00+02:00 Montpellier,Nice,False,1,0,2021-07-02 11:07:34.093920,2021-07-02 11:07:34.571565
402,2020-09-12 21:00:00+02:00 Saint-Étienne,Strasbourg,False,0,0,2021-07-02 11:07:34.093920,2021-07-02 11:07:34.571565
403,2020-09-13 13:00:00+02:00 Lille,Metz,False,0,0,2021-07-02 11:07:34.093920,2021-07-02 11:07:34.571565
404,2020-09-13 15:00:00+02:00 Nîmes,Rennes,False,4,3,2021-07-02 11:07:34.093920,2021-07-02 11:07:34.571565
405,2020-09-13 15:00:00+02:00 Lorient,Lens,False,3,3,2021-07-02 11:07:34.093920,2021-07-02 11:07:34.571565
406,2020-09-13 15:00:00+02:00 Angers,Reims,False,0,0,2021-07-02 11:07:34.093920,2021-07-02 11:07:34.571565
407,2020-09-13 15:00:00+02:00 Dijon,Brest,False,2,3,2021-07-02 11:07:34.093920,2021-07-02 11:07:34.571565
408,2020-09-13 17:00:00+02:00 Monaco,Nantes,False,1,0,2021-07-02 11:07:34.093920,2021-07-02 11:07:34.571565
409,2020-09-13 21:00:00+02:00 Paris,Marseille,False,1,3,2021-07-02 11:07:34.093920,2021-07-02 11:07:34.571565
410,2020-09-18 21:00:00+02:00 Lyon,Nîmes,False,0,1,2021-07-02 11:07:34.093920,2021-07-02 11:07:34.571565
411,2020-09-19 17:00:00+02:00 Lens,Bordeaux,False,1,0,2021-07-02 11:07:34.093920,2021-07-02 11:07:34.571565
412,2020-09-19 21:00:00+02:00 Rennes,Monaco,False,1,0,2021-07-02 11:07:34.093920,2021-07-02 11:07:34.571565
413,2020-09-20 13:00:00+02:00 Nice,Paris,False,3,3,2021-07-02 11:07:34.093920,2021-07-02 11:07:34.571565
414,2020-09-20 15:00:00+02:00 Montpellier,Angers,False,1,0,2021-07-02 11:07:34.093920,2021-07-02 11:07:34.571565
415,2020-09-20 15:00:00+02:00 Brest,Lorient,False,2,0,2021-07-02 11:07:34.093920,2021-07-02 11:07:34.571565
416,2020-09-20 15:00:00+02:00 Metz,Reims,False,1,0,2021-07-02 11:07:34.093920,2021-07-02 11:07:34.571565
417,2020-09-20 15:00:00+02:00 Strasbourg,Dijon,False,0,0,2021-07-02 11:07:34.093920,2021-07-02 11:07:34.571565
418,2020-09-20 17:00:00+02:00 Nantes,Saint-Étienne,False,2,1,2021-07-02 11:07:34.093920,2021-07-02 11:07:34.571565
419,2020-09-20 21:00:00+02:00 Marseille,Lille,False,1,1,2021-07-02 11:07:34.093920,2021-07-02 11:07:34.571565
420,2020-09-25 21:00:00+02:00 Lille,Nantes,False,0,0,2021-07-02 11:07:34.093920,2021-07-02 11:07:34.571565
421,2020-09-26 17:00:00+02:00 Saint-Étienne,Rennes,False,3,3,2021-07-02 11:07:34.093920,2021-07-02 11:07:34.571565
422,2020-09-26 21:00:00+02:00 Marseille,Metz,False,1,1,2021-07-02 11:07:34.093920,2021-07-02 11:07:34.571565
423,2020-09-27 13:00:00+02:00 Bordeaux,Nice,False,0,1,2021-07-02 11:07:34.093920,2021-07-02 11:07:34.571565
424,2020-09-27 15:00:00+02:00 Dijon,Montpellier,False,2,1,2021-07-02 11:07:34.093920,2021-07-02 11:07:34.571565
425,2020-09-27 15:00:00+02:00 Nîmes,Lens,False,1,1,2021-07-02 11:07:34.093920,2021-07-02 11:07:34.571565
426,2020-09-27 15:00:00+02:00 Monaco,Strasbourg,False,2,0,2021-07-02 11:07:34.093920,2021-07-02 11:07:34.571565
427,2020-09-27 15:00:00+02:00 Angers,Brest,False,2,0,2021-07-02 11:07:34.093920,2021-07-02 11:07:34.571565
428,2020-09-27 17:00:00+02:00 Lorient,Lyon,False,1,1,2021-07-02 11:07:34.093920,2021-07-02 11:07:34.571565
429,2020-09-27 21:00:00+02:00 Reims,Paris,False,2,3,2021-07-02 11:07:34.093920,2021-07-02 11:07:34.571565
430,2020-10-02 21:00:00+02:00 Paris,Angers,False,1,0,2021-07-02 11:07:34.093920,2021-07-02 11:07:34.571565
431,2020-10-03 17:00:00+02:00 Lens,Saint-Étienne,False,0,0,2021-07-02 11:07:34.093920,2021-07-02 11:07:34.571565
432,2020-10-03 21:00:00+02:00 Nice,Nantes,False,1,0,2021-07-02 11:07:34.093920,2021-07-02 11:07:34.571565
433,2020-10-04 13:00:00+02:00 Montpellier,Nîmes,False,1,3,2021-07-02 11:07:34.093920,2021-07-02 11:07:34.571565
434,2020-10-04 15:00:00+02:00 Strasbourg,Lille,False,3,3,2021-07-02 11:07:34.093920,2021-07-02 11:07:34.571565
435,2020-10-04 15:00:00+02:00 Brest,Monaco,False,0,0,2021-07-02 11:07:34.093920,2021-07-02 11:07:34.571565
436,2020-10-04 15:00:00+02:00 Bordeaux,Dijon,False,0,0,2021-07-02 11:07:34.093920,2021-07-02 11:07:34.571565
437,2020-10-04 15:00:00+02:00 Metz,Lorient,False,1,0,2021-07-02 11:07:34.093920,2021-07-02 11:07:34.571565
438,2020-10-04 17:00:00+02:00 Rennes,Reims,False,2,1,2021-07-02 11:07:34.093920,2021-07-02 11:07:34.571565
439,2020-10-04 21:00:00+02:00 Lyon,Marseille,False,1,1,2021-07-02 11:07:34.093920,2021-07-02 11:07:34.571565
440,2020-10-16 19:00:00+02:00 Dijon,Rennes,False,1,1,2021-07-02 11:07:34.093920,2021-07-02 11:07:34.571565
441,2020-10-16 21:00:00+02:00 Nîmes,Paris,False,4,3,2021-07-02 11:07:34.093920,2021-07-02 11:07:34.571565
442,2020-10-17 17:00:00+02:00 Reims,Lorient,False,3,3,2021-07-02 11:07:34.093920,2021-07-02 11:07:34.571565
443,2020-10-17 21:00:00+02:00 Marseille,Bordeaux,False,1,0,2021-07-02 11:07:34.093920,2021-07-02 11:07:34.571565
444,2020-10-18 13:00:00+02:00 Strasbourg,Lyon,False,3,3,2021-07-02 11:07:34.093920,2021-07-02 11:07:34.571565
445,2020-10-18 15:00:00+02:00 Monaco,Montpellier,False,1,1,2021-07-02 11:07:34.093920,2021-07-02 11:07:34.571565
446,2020-10-18 15:00:00+02:00 Nantes,Brest,False,1,0,2021-07-02 11:07:34.093920,2021-07-02 11:07:34.571565
447,2020-10-18 15:00:00+02:00 Angers,Metz,False,1,1,2021-07-02 11:07:34.093920,2021-07-02 11:07:34.571565
448,2020-10-18 17:00:00+02:00 Saint-Étienne,Nice,False,3,3,2021-07-02 11:07:34.093920,2021-07-02 11:07:34.571565
449,2020-10-18 21:00:00+02:00 Lille,Lens,False,0,0,2021-07-02 11:07:34.093920,2021-07-02 11:07:34.571565
450,2020-10-23 21:00:00+02:00 Rennes,Angers,False,2,3,2021-07-02 11:07:34.093920,2021-07-02 11:07:34.571565
451,2020-10-24 17:00:00+02:00 Lorient,Marseille,False,1,3,2021-07-02 11:07:34.093920,2021-07-02 11:07:34.571565
452,2020-10-24 21:00:00+02:00 Paris,Dijon,False,0,0,2021-07-02 11:07:34.093920,2021-07-02 11:07:34.571565
453,2020-10-25 15:00:00+01:00 Montpellier,Reims,False,4,3,2021-07-02 11:07:34.093920,2021-07-02 11:07:34.571565
454,2020-10-25 15:00:00+01:00 Metz,Saint-Étienne,False,0,0,2021-07-02 11:07:34.093920,2021-07-02 11:07:34.571565
455,2020-10-25 15:00:00+01:00 Bordeaux,Nîmes,False,0,0,2021-07-02 11:07:34.093920,2021-07-02 11:07:34.571565
456,2020-10-25 15:00:00+01:00 Brest,Strasbourg,False,3,3,2021-07-02 11:07:34.093920,2021-07-02 11:07:34.571565
457,2020-10-25 17:00:00+01:00 Nice,Lille,False,1,1,2021-07-02 11:07:34.093920,2021-07-02 11:07:34.571565
458,2020-10-25 21:00:00+01:00 Lyon,Monaco,False,1,0,2021-07-02 11:07:34.093920,2021-07-02 11:07:34.571565
459,2020-11-25 19:00:00+01:00 Lens,Nantes,False,1,1,2021-07-02 11:07:34.093920,2021-07-02 11:07:34.571565
460,2020-10-31 17:00:00+01:00 Rennes,Brest,False,1,0,2021-07-02 11:07:34.093920,2021-07-02 11:07:34.571565
461,2020-10-31 21:00:00+01:00 Nantes,Paris,False,3,3,2021-07-02 11:07:34.093920,2021-07-02 11:07:34.571565
462,2020-11-01 13:00:00+01:00 Saint-Étienne,Montpellier,False,1,3,2021-07-02 11:07:34.093920,2021-07-02 11:07:34.571565
463,2020-11-01 15:00:00+01:00 Angers,Nice,False,3,3,2021-07-02 11:07:34.093920,2021-07-02 11:07:34.571565
464,2020-11-01 15:00:00+01:00 Nîmes,Metz,False,1,3,2021-07-02 11:07:34.093920,2021-07-02 11:07:34.571565
465,2020-11-01 15:00:00+01:00 Dijon,Lorient,False,0,1,2021-07-02 11:07:34.093920,2021-07-02 11:07:34.571565
466,2020-11-01 15:00:00+01:00 Reims,Strasbourg,False,1,0,2021-07-02 11:07:34.093920,2021-07-02 11:07:34.571565
467,2020-11-01 17:00:00+01:00 Monaco,Bordeaux,False,0,0,2021-07-02 11:07:34.093920,2021-07-02 11:07:34.571565
468,2020-11-01 21:00:00+01:00 Lille,Lyon,False,1,1,2021-07-02 11:07:34.093920,2021-07-02 11:07:34.571565
469,2021-01-20 21:00:00+01:00 Marseille,Lens,False,1,3,2021-07-02 11:07:34.093920,2021-07-02 11:07:34.571565
470,2020-11-06 21:00:00+01:00 Strasbourg,Marseille,False,1,3,2021-07-02 11:07:34.093920,2021-07-02 11:07:34.571565
471,2020-11-07 17:00:00+01:00 Bordeaux,Montpellier,False,2,3,2021-07-02 11:07:34.093920,2021-07-02 11:07:34.571565
472,2020-11-07 21:00:00+01:00 Paris,Rennes,False,0,0,2021-07-02 11:07:34.093920,2021-07-02 11:07:34.571565
473,2020-11-08 13:00:00+01:00 Brest,Lille,False,2,0,2021-07-02 11:07:34.093920,2021-07-02 11:07:34.571565
474,2020-11-08 15:00:00+01:00 Lens,Reims,False,4,1,2021-07-02 11:07:34.093920,2021-07-02 11:07:34.571565
475,2020-11-08 15:00:00+01:00 Metz,Dijon,False,1,1,2021-07-02 11:07:34.093920,2021-07-02 11:07:34.571565
476,2020-11-08 15:00:00+01:00 Nîmes,Angers,False,5,3,2021-07-02 11:07:34.093920,2021-07-02 11:07:34.571565
477,2020-11-08 15:00:00+01:00 Lorient,Nantes,False,2,3,2021-07-02 11:07:34.093920,2021-07-02 11:07:34.571565
478,2020-11-08 17:00:00+01:00 Nice,Monaco,False,2,3,2021-07-02 11:07:34.093920,2021-07-02 11:07:34.571565
479,2020-11-08 21:00:00+01:00 Lyon,Saint-Étienne,False,1,0,2021-07-02 11:07:34.093920,2021-07-02 11:07:34.571565
480,2020-11-20 19:00:00+01:00 Rennes,Bordeaux,False,1,3,2021-07-02 11:07:34.093920,2021-07-02 11:07:34.571565
481,2020-11-20 21:00:00+01:00 Monaco,Paris,False,2,0,2021-07-02 11:07:34.093920,2021-07-02 11:07:34.571565
482,2020-11-21 17:00:00+01:00 Brest,Saint-Étienne,False,1,0,2021-07-02 11:07:34.093920,2021-07-02 11:07:34.571565
483,2020-11-22 13:00:00+01:00 Nantes,Metz,False,1,1,2021-07-02 11:07:34.093920,2021-07-02 11:07:34.571565
484,2020-11-22 15:00:00+01:00 Montpellier,Strasbourg,False,3,0,2021-07-02 11:07:34.093920,2021-07-02 11:07:34.571565
485,2020-11-22 15:00:00+01:00 Dijon,Lens,False,1,3,2021-07-02 11:07:34.093920,2021-07-02 11:07:34.571565
486,2020-11-22 15:00:00+01:00 Reims,Nîmes,False,1,3,2021-07-02 11:07:34.093920,2021-07-02 11:07:34.571565
487,2020-11-22 17:00:00+01:00 Angers,Lyon,False,1,3,2021-07-02 11:07:34.093920,2021-07-02 11:07:34.571565
488,2020-11-22 21:00:00+01:00 Lille,Lorient,False,0,0,2021-07-02 11:07:34.093920,2021-07-02 11:07:34.571565
489,2021-02-17 21:00:00+01:00 Marseille,Nice,False,2,0,2021-07-02 11:07:34.093920,2021-07-02 11:07:34.571565
490,2020-11-27 21:00:00+01:00 Strasbourg,Rennes,False,1,1,2021-07-02 11:07:34.093920,2021-07-02 11:07:34.571565
491,2020-11-28 17:00:00+01:00 Marseille,Nantes,False,1,0,2021-07-02 11:07:34.093920,2021-07-02 11:07:34.571565
492,2020-11-28 21:00:00+01:00 Paris,Bordeaux,False,2,1,2021-07-02 11:07:34.093920,2021-07-02 11:07:34.571565
493,2020-11-29 13:00:00+01:00 Lyon,Reims,False,0,0,2021-07-02 11:07:34.093920,2021-07-02 11:07:34.571565
494,2020-11-29 15:00:00+01:00 Lens,Angers,False,3,3,2021-07-02 11:07:34.093920,2021-07-02 11:07:34.571565
495,2020-11-29 15:00:00+01:00 Lorient,Montpellier,False,1,3,2021-07-02 11:07:34.093920,2021-07-02 11:07:34.571565
496,2020-11-29 15:00:00+01:00 Monaco,Nîmes,False,0,0,2021-07-02 11:07:34.093920,2021-07-02 11:07:34.571565
497,2020-11-29 15:00:00+01:00 Metz,Brest,False,2,3,2021-07-02 11:07:34.093920,2021-07-02 11:07:34.571565
498,2020-11-29 17:00:00+01:00 Nice,Dijon,False,3,3,2021-07-02 11:07:34.093920,2021-07-02 11:07:34.571565
499,2020-11-29 21:00:00+01:00 Saint-Étienne,Lille,False,1,1,2021-07-02 11:07:34.093920,2021-07-02 11:07:34.571565
500,2020-12-04 21:00:00+01:00 Nîmes,Marseille,False,2,3,2021-07-02 11:07:34.093920,2021-07-02 11:07:34.571565
501,2020-12-05 17:00:00+01:00 Rennes,Lens,False,2,3,2021-07-02 11:07:34.093920,2021-07-02 11:07:34.571565
502,2020-12-05 21:00:00+01:00 Montpellier,Paris,False,3,3,2021-07-02 11:07:34.093920,2021-07-02 11:07:34.571565
503,2020-12-06 13:00:00+01:00 Lille,Monaco,False,1,0,2021-07-02 11:07:34.093920,2021-07-02 11:07:34.571565
504,2020-12-06 15:00:00+01:00 Angers,Lorient,False,0,0,2021-07-02 11:07:34.093920,2021-07-02 11:07:34.571565
505,2020-12-06 15:00:00+01:00 Bordeaux,Brest,False,0,0,2021-07-02 11:07:34.093920,2021-07-02 11:07:34.571565
506,2020-12-06 15:00:00+01:00 Nantes,Strasbourg,False,4,3,2021-07-02 11:07:34.093920,2021-07-02 11:07:34.571565
507,2020-12-06 15:00:00+01:00 Dijon,Saint-Étienne,False,0,1,2021-07-02 11:07:34.093920,2021-07-02 11:07:34.571565
508,2020-12-06 17:00:00+01:00 Reims,Nice,False,0,1,2021-07-02 11:07:34.093920,2021-07-02 11:07:34.571565
509,2020-12-06 21:00:00+01:00 Metz,Lyon,False,3,3,2021-07-02 11:07:34.093920,2021-07-02 11:07:34.571565
510,2020-12-11 21:00:00+01:00 Saint-Étienne,Angers,False,0,1,2021-07-02 11:07:34.093920,2021-07-02 11:07:34.571565
511,2020-12-12 17:00:00+01:00 Marseille,Monaco,False,1,0,2021-07-02 11:07:34.093920,2021-07-02 11:07:34.571565
512,2020-12-12 21:00:00+01:00 Lens,Montpellier,False,3,3,2021-07-02 11:07:34.093920,2021-07-02 11:07:34.571565
513,2020-12-13 13:00:00+01:00 Nice,Rennes,False,1,3,2021-07-02 11:07:34.093920,2021-07-02 11:07:34.571565
514,2020-12-13 15:00:00+01:00 Brest,Reims,False,1,0,2021-07-02 11:07:34.093920,2021-07-02 11:07:34.571565
515,2020-12-13 15:00:00+01:00 Strasbourg,Metz,False,2,1,2021-07-02 11:07:34.093920,2021-07-02 11:07:34.571565
516,2020-12-13 15:00:00+01:00 Nantes,Dijon,False,1,1,2021-07-02 11:07:34.093920,2021-07-02 11:07:34.571565
517,2020-12-13 15:00:00+01:00 Lorient,Nîmes,False,0,0,2021-07-02 11:07:34.093920,2021-07-02 11:07:34.571565
518,2020-12-13 17:00:00+01:00 Lille,Bordeaux,False,1,0,2021-07-02 11:07:34.093920,2021-07-02 11:07:34.571565
519,2020-12-13 21:00:00+01:00 Paris,Lyon,False,1,3,2021-07-02 11:07:34.093920,2021-07-02 11:07:34.571565
520,2020-12-16 19:00:00+01:00 Dijon,Lille,False,2,3,2021-07-02 11:07:34.093920,2021-07-02 11:07:34.571565
521,2020-12-16 19:00:00+01:00 Montpellier,Metz,False,2,3,2021-07-02 11:07:34.093920,2021-07-02 11:07:34.571565
522,2020-12-16 19:00:00+01:00 Angers,Strasbourg,False,2,3,2021-07-02 11:07:34.093920,2021-07-02 11:07:34.571565
523,2020-12-16 19:00:00+01:00 Nîmes,Nice,False,2,3,2021-07-02 11:07:34.093920,2021-07-02 11:07:34.571565
524,2020-12-16 19:00:00+01:00 Reims,Nantes,False,2,0,2021-07-02 11:07:34.093920,2021-07-02 11:07:34.571565
525,2020-12-16 21:00:00+01:00 Lyon,Brest,False,2,1,2021-07-02 11:07:34.093920,2021-07-02 11:07:34.571565
526,2020-12-16 21:00:00+01:00 Paris,Lorient,False,0,0,2021-07-02 11:07:34.093920,2021-07-02 11:07:34.571565
527,2020-12-16 21:00:00+01:00 Rennes,Marseille,False,1,0,2021-07-02 11:07:34.093920,2021-07-02 11:07:34.571565
528,2020-12-16 21:00:00+01:00 Monaco,Lens,False,3,3,2021-07-02 11:07:34.093920,2021-07-02 11:07:34.571565
529,2020-12-16 21:00:00+01:00 Bordeaux,Saint-Étienne,False,2,3,2021-07-02 11:07:34.093920,2021-07-02 11:07:34.571565
530,2020-12-19 17:00:00+01:00 Metz,Lens,False,0,0,2021-07-02 11:07:34.093920,2021-07-02 11:07:34.571565
531,2020-12-19 19:00:00+01:00 Marseille,Reims,False,1,1,2021-07-02 11:07:34.093920,2021-07-02 11:07:34.571565
532,2020-12-19 21:00:00+01:00 Nice,Lyon,False,4,3,2021-07-02 11:07:34.093920,2021-07-02 11:07:34.571565
533,2020-12-20 13:00:00+01:00 Brest,Montpellier,False,2,1,2021-07-02 11:07:34.093920,2021-07-02 11:07:34.571565
534,2020-12-20 15:00:00+01:00 Dijon,Monaco,False,1,3,2021-07-02 11:07:34.093920,2021-07-02 11:07:34.571565
535,2020-12-20 15:00:00+01:00 Nantes,Angers,False,1,1,2021-07-02 11:07:34.093920,2021-07-02 11:07:34.571565
536,2020-12-20 15:00:00+01:00 Strasbourg,Bordeaux,False,2,3,2021-07-02 11:07:34.093920,2021-07-02 11:07:34.571565
537,2020-12-20 15:00:00+01:00 Saint-Étienne,Nîmes,False,2,1,2021-07-02 11:07:34.093920,2021-07-02 11:07:34.571565
538,2020-12-20 17:00:00+01:00 Lorient,Rennes,False,3,3,2021-07-02 11:07:34.093920,2021-07-02 11:07:34.571565
539,2020-12-20 21:00:00+01:00 Lille,Paris,False,0,1,2021-07-02 11:07:34.093920,2021-07-02 11:07:34.571565
540,2020-12-23 19:00:00+01:00 Rennes,Metz,False,0,0,2021-07-02 11:07:34.093920,2021-07-02 11:07:34.571565
541,2020-12-23 19:00:00+01:00 Lens,Brest,False,1,0,2021-07-02 11:07:34.093920,2021-07-02 11:07:34.571565
542,2020-12-23 19:00:00+01:00 Bordeaux,Reims,False,3,3,2021-07-02 11:07:34.093920,2021-07-02 11:07:34.571565
543,2020-12-23 19:00:00+01:00 Nice,Lorient,False,2,1,2021-07-02 11:07:34.093920,2021-07-02 11:07:34.571565
544,2020-12-23 19:00:00+01:00 Nîmes,Dijon,False,3,3,2021-07-02 11:07:34.093920,2021-07-02 11:07:34.571565
545,2020-12-23 21:00:00+01:00 Montpellier,Lille,False,3,3,2021-07-02 11:07:34.093920,2021-07-02 11:07:34.571565
546,2020-12-23 21:00:00+01:00 Lyon,Nantes,False,0,0,2021-07-02 11:07:34.093920,2021-07-02 11:07:34.571565
547,2020-12-23 21:00:00+01:00 Paris,Strasbourg,False,0,0,2021-07-02 11:07:34.093920,2021-07-02 11:07:34.571565
548,2020-12-23 21:00:00+01:00 Angers,Marseille,False,1,0,2021-07-02 11:07:34.093920,2021-07-02 11:07:34.571565
549,2020-12-23 21:00:00+01:00 Monaco,Saint-Étienne,False,2,1,2021-07-02 11:07:34.093920,2021-07-02 11:07:34.571565
550,2021-01-06 19:00:00+01:00 Nantes,Rennes,False,0,1,2021-07-02 11:07:34.093920,2021-07-02 11:07:34.571565
551,2021-01-06 19:00:00+01:00 Lorient,Monaco,False,5,3,2021-07-02 11:07:34.093920,2021-07-02 11:07:34.571565
552,2021-01-06 19:00:00+01:00 Metz,Bordeaux,False,0,1,2021-07-02 11:07:34.093920,2021-07-02 11:07:34.571565
553,2021-01-06 19:00:00+01:00 Brest,Nice,False,0,0,2021-07-02 11:07:34.093920,2021-07-02 11:07:34.571565
554,2021-01-06 19:00:00+01:00 Strasbourg,Nîmes,False,0,0,2021-07-02 11:07:34.093920,2021-07-02 11:07:34.571565
555,2021-01-06 21:00:00+01:00 Lyon,Lens,False,2,0,2021-07-02 11:07:34.093920,2021-07-02 11:07:34.571565
556,2021-01-06 21:00:00+01:00 Lille,Angers,False,2,3,2021-07-02 11:07:34.093920,2021-07-02 11:07:34.571565
557,2021-01-06 21:00:00+01:00 Saint-Étienne,Paris,False,1,1,2021-07-02 11:07:34.093920,2021-07-02 11:07:34.571565
558,2021-01-06 21:00:00+01:00 Marseille,Montpellier,False,1,0,2021-07-02 11:07:34.093920,2021-07-02 11:07:34.571565
559,2021-01-06 21:00:00+01:00 Reims,Dijon,False,0,1,2021-07-02 11:07:34.093920,2021-07-02 11:07:34.571565
560,2021-01-09 21:00:00+01:00 Rennes,Lyon,False,2,1,2021-07-02 11:07:34.093920,2021-07-02 11:07:34.571565
561,2021-01-09 21:00:00+01:00 Paris,Brest,False,0,0,2021-07-02 11:07:34.093920,2021-07-02 11:07:34.571565
562,2021-01-09 21:00:00+01:00 Nîmes,Lille,False,1,3,2021-07-02 11:07:34.093920,2021-07-02 11:07:34.571565
563,2021-01-09 21:00:00+01:00 Dijon,Marseille,False,0,1,2021-07-02 11:07:34.093920,2021-07-02 11:07:34.571565
564,2021-01-09 21:00:00+01:00 Monaco,Angers,False,0,0,2021-07-02 11:07:34.093920,2021-07-02 11:07:34.571565
565,2021-01-09 21:00:00+01:00 Lens,Strasbourg,False,1,3,2021-07-02 11:07:34.093920,2021-07-02 11:07:34.571565
566,2021-01-09 21:00:00+01:00 Montpellier,Nantes,False,1,1,2021-07-02 11:07:34.093920,2021-07-02 11:07:34.571565
567,2021-01-09 21:00:00+01:00 Metz,Nice,False,1,1,2021-07-02 11:07:34.093920,2021-07-02 11:07:34.571565
568,2021-01-09 21:00:00+01:00 Bordeaux,Lorient,False,1,0,2021-07-02 11:07:34.093920,2021-07-02 11:07:34.571565
569,2021-01-09 21:00:00+01:00 Reims,Saint-Étienne,False,1,0,2021-07-02 11:07:34.093920,2021-07-02 11:07:34.571565
570,2021-01-15 21:00:00+01:00 Montpellier,Monaco,False,3,3,2021-07-02 11:07:34.093920,2021-07-02 11:07:34.571565
571,2021-01-16 17:00:00+01:00 Marseille,Nîmes,False,2,3,2021-07-02 11:07:34.093920,2021-07-02 11:07:34.571565
572,2021-01-16 21:00:00+01:00 Angers,Paris,False,1,3,2021-07-02 11:07:34.093920,2021-07-02 11:07:34.571565
573,2021-01-17 13:00:00+01:00 Brest,Rennes,False,2,3,2021-07-02 11:07:34.093920,2021-07-02 11:07:34.571565
574,2021-01-17 15:00:00+01:00 Nantes,Lens,False,1,1,2021-07-02 11:07:34.093920,2021-07-02 11:07:34.571565
575,2021-01-17 15:00:00+01:00 Nice,Bordeaux,False,3,3,2021-07-02 11:07:34.093920,2021-07-02 11:07:34.571565
576,2021-01-17 15:00:00+01:00 Strasbourg,Saint-Étienne,False,0,0,2021-07-02 11:07:34.093920,2021-07-02 11:07:34.571565
577,2021-01-17 17:00:00+01:00 Lille,Reims,False,1,0,2021-07-02 11:07:34.093920,2021-07-02 11:07:34.571565
578,2021-01-17 21:00:00+01:00 Lyon,Metz,False,1,3,2021-07-02 11:07:34.093920,2021-07-02 11:07:34.571565
579,2021-01-27 21:00:00+01:00 Lorient,Dijon,False,2,0,2021-07-02 11:07:34.093920,2021-07-02 11:07:34.571565
580,2021-01-22 21:00:00+01:00 Paris,Montpellier,False,0,0,2021-07-02 11:07:34.093920,2021-07-02 11:07:34.571565
581,2021-01-23 17:00:00+01:00 Lens,Nice,False,1,3,2021-07-02 11:07:34.093920,2021-07-02 11:07:34.571565
582,2021-01-23 21:00:00+01:00 Monaco,Marseille,False,1,0,2021-07-02 11:07:34.093920,2021-07-02 11:07:34.571565
583,2021-01-24 13:00:00+01:00 Bordeaux,Angers,False,1,0,2021-07-02 11:07:34.093920,2021-07-02 11:07:34.571565
584,2021-01-24 15:00:00+01:00 Metz,Nantes,False,0,0,2021-07-02 11:07:34.093920,2021-07-02 11:07:34.571565
585,2021-01-24 15:00:00+01:00 Reims,Brest,False,0,0,2021-07-02 11:07:34.093920,2021-07-02 11:07:34.571565
586,2021-01-24 15:00:00+01:00 Dijon,Strasbourg,False,1,1,2021-07-02 11:07:34.093920,2021-07-02 11:07:34.571565
587,2021-01-24 17:00:00+01:00 Rennes,Lille,False,1,3,2021-07-02 11:07:34.093920,2021-07-02 11:07:34.571565
588,2021-01-24 21:00:00+01:00 Saint-Étienne,Lyon,False,5,3,2021-07-02 11:07:34.093920,2021-07-02 11:07:34.571565
589,2021-02-24 19:00:00+01:00 Nîmes,Lorient,False,0,0,2021-07-02 11:07:34.093920,2021-07-02 11:07:34.571565
590,2021-01-29 21:00:00+01:00 Lyon,Bordeaux,False,1,0,2021-07-02 11:07:34.093920,2021-07-02 11:07:34.571565
591,2021-01-30 17:00:00+01:00 Montpellier,Lens,False,2,3,2021-07-02 11:07:34.093920,2021-07-02 11:07:34.571565
592,2021-01-31 13:00:00+01:00 Nice,Saint-Étienne,False,1,3,2021-07-02 11:07:34.093920,2021-07-02 11:07:34.571565
593,2021-01-31 15:00:00+01:00 Lorient,Paris,False,2,0,2021-07-02 11:07:34.093920,2021-07-02 11:07:34.571565
594,2021-01-31 15:00:00+01:00 Brest,Metz,False,4,3,2021-07-02 11:07:34.093920,2021-07-02 11:07:34.571565
595,2021-01-31 15:00:00+01:00 Angers,Nîmes,False,1,0,2021-07-02 11:07:34.093920,2021-07-02 11:07:34.571565
596,2021-01-31 15:00:00+01:00 Strasbourg,Reims,False,1,3,2021-07-02 11:07:34.093920,2021-07-02 11:07:34.571565
597,2021-01-31 17:00:00+01:00 Lille,Dijon,False,0,0,2021-07-02 11:07:34.093920,2021-07-02 11:07:34.571565
598,2021-01-31 21:00:00+01:00 Nantes,Monaco,False,2,3,2021-07-02 11:07:34.093920,2021-07-02 11:07:34.571565
599,2021-03-10 19:00:00+01:00 Marseille,Rennes,False,0,0,2021-07-02 11:07:34.093920,2021-07-02 11:07:34.571565
600,2021-02-03 19:00:00+01:00 Bordeaux,Lille,False,3,3,2021-07-02 11:07:34.093920,2021-07-02 11:07:34.571565
601,2021-02-03 19:00:00+01:00 Rennes,Lorient,False,1,1,2021-07-02 11:07:34.093920,2021-07-02 11:07:34.571565
602,2021-02-03 19:00:00+01:00 Metz,Montpellier,False,1,1,2021-07-02 11:07:34.093920,2021-07-02 11:07:34.571565
603,2021-02-03 19:00:00+01:00 Reims,Angers,False,0,1,2021-07-02 11:07:34.093920,2021-07-02 11:07:34.571565
604,2021-02-03 19:00:00+01:00 Strasbourg,Brest,False,2,1,2021-07-02 11:07:34.093920,2021-07-02 11:07:34.571565
605,2021-02-03 21:00:00+01:00 Dijon,Lyon,False,1,3,2021-07-02 11:07:34.093920,2021-07-02 11:07:34.571565
606,2021-02-03 21:00:00+01:00 Paris,Nîmes,False,0,0,2021-07-02 11:07:34.093920,2021-07-02 11:07:34.571565
607,2021-02-03 21:00:00+01:00 Monaco,Nice,False,1,0,2021-07-02 11:07:34.093920,2021-07-02 11:07:34.571565
608,2021-02-03 21:00:00+01:00 Lens,Marseille,False,2,1,2021-07-02 11:07:34.093920,2021-07-02 11:07:34.571565
609,2021-02-03 21:00:00+01:00 Saint-Étienne,Nantes,False,1,1,2021-07-02 11:07:34.093920,2021-07-02 11:07:34.571565
610,2021-02-06 17:00:00+01:00 Lorient,Reims,False,0,0,2021-07-02 11:07:34.093920,2021-07-02 11:07:34.571565
611,2021-02-06 19:00:00+01:00 Lyon,Strasbourg,False,0,0,2021-07-02 11:07:34.093920,2021-07-02 11:07:34.571565
612,2021-02-06 21:00:00+01:00 Lens,Rennes,False,0,1,2021-07-02 11:07:34.093920,2021-07-02 11:07:34.571565
613,2021-02-07 13:00:00+01:00 Brest,Bordeaux,False,1,0,2021-07-02 11:07:34.093920,2021-07-02 11:07:34.571565
614,2021-02-07 15:00:00+01:00 Nîmes,Monaco,False,4,3,2021-07-02 11:07:34.093920,2021-07-02 11:07:34.571565
615,2021-02-07 15:00:00+01:00 Saint-Étienne,Metz,False,0,0,2021-07-02 11:07:34.093920,2021-07-02 11:07:34.571565
616,2021-02-07 15:00:00+01:00 Nice,Angers,False,0,0,2021-07-02 11:07:34.093920,2021-07-02 11:07:34.571565
617,2021-02-07 15:00:00+01:00 Montpellier,Dijon,False,2,0,2021-07-02 11:07:34.093920,2021-07-02 11:07:34.571565
618,2021-02-07 17:00:00+01:00 Nantes,Lille,False,2,3,2021-07-02 11:07:34.093920,2021-07-02 11:07:34.571565
619,2021-02-07 21:00:00+01:00 Marseille,Paris,False,2,3,2021-07-02 11:07:34.093920,2021-07-02 11:07:34.571565
620,2021-02-13 17:00:00+01:00 Paris,Nice,False,1,0,2021-07-02 11:07:34.093920,2021-07-02 11:07:34.571565
621,2021-02-13 19:00:00+01:00 Reims,Lens,False,1,1,2021-07-02 11:07:34.093920,2021-07-02 11:07:34.571565
622,2021-02-13 21:00:00+01:00 Lyon,Montpellier,False,2,3,2021-07-02 11:07:34.093920,2021-07-02 11:07:34.571565
623,2021-02-14 13:00:00+01:00 Monaco,Lorient,False,2,1,2021-07-02 11:07:34.093920,2021-07-02 11:07:34.571565
624,2021-02-14 15:00:00+01:00 Rennes,Saint-Étienne,False,2,3,2021-07-02 11:07:34.093920,2021-07-02 11:07:34.571565
625,2021-02-14 15:00:00+01:00 Metz,Strasbourg,False,2,3,2021-07-02 11:07:34.093920,2021-07-02 11:07:34.571565
626,2021-02-14 15:00:00+01:00 Angers,Nantes,False,3,3,2021-07-02 11:07:34.093920,2021-07-02 11:07:34.571565
627,2021-02-14 15:00:00+01:00 Dijon,Nîmes,False,2,3,2021-07-02 11:07:34.093920,2021-07-02 11:07:34.571565
628,2021-02-14 17:05:00+01:00 Lille,Brest,False,0,1,2021-07-02 11:07:34.093920,2021-07-02 11:07:34.571565
629,2021-02-14 21:00:00+01:00 Bordeaux,Marseille,False,0,1,2021-07-02 11:07:34.093920,2021-07-02 11:07:34.571565
630,2021-02-19 21:00:00+01:00 Brest,Lyon,False,3,3,2021-07-02 11:07:34.093920,2021-07-02 11:07:34.571565
631,2021-02-20 13:00:00+01:00 Saint-Étienne,Reims,False,1,1,2021-07-02 11:07:34.093920,2021-07-02 11:07:34.571565
632,2021-02-20 17:00:00+01:00 Nantes,Marseille,False,1,1,2021-07-02 11:07:34.093920,2021-07-02 11:07:34.571565
633,2021-02-21 13:00:00+01:00 Montpellier,Rennes,False,1,0,2021-07-02 11:07:34.093920,2021-07-02 11:07:34.571565
634,2021-02-21 15:00:00+01:00 Lens,Dijon,False,1,0,2021-07-02 11:07:34.093920,2021-07-02 11:07:34.571565
635,2021-02-21 15:00:00+01:00 Nice,Metz,False,2,3,2021-07-02 11:07:34.093920,2021-07-02 11:07:34.571565
636,2021-02-21 15:00:00+01:00 Strasbourg,Angers,False,0,1,2021-07-02 11:07:34.093920,2021-07-02 11:07:34.571565
637,2021-02-21 15:00:00+01:00 Nîmes,Bordeaux,False,0,0,2021-07-02 11:07:34.093920,2021-07-02 11:07:34.571565
638,2021-02-21 17:05:00+01:00 Lorient,Lille,False,4,3,2021-07-02 11:07:34.093920,2021-07-02 11:07:34.571565
639,2021-02-21 21:00:00+01:00 Paris,Monaco,False,2,3,2021-07-02 11:07:34.093920,2021-07-02 11:07:34.571565
640,2021-02-26 21:00:00+01:00 Rennes,Nice,False,2,3,2021-07-02 11:07:34.093920,2021-07-02 11:07:34.571565
641,2021-02-27 13:00:00+01:00 Bordeaux,Metz,False,2,3,2021-07-02 11:07:34.093920,2021-07-02 11:07:34.571565
642,2021-02-27 17:00:00+01:00 Dijon,Paris,False,4,3,2021-07-02 11:07:34.093920,2021-07-02 11:07:34.571565
643,2021-02-28 13:00:00+01:00 Monaco,Brest,False,0,0,2021-07-02 11:07:34.093920,2021-07-02 11:07:34.571565
644,2021-02-28 15:00:00+01:00 Angers,Lens,False,2,1,2021-07-02 11:07:34.093920,2021-07-02 11:07:34.571565
645,2021-02-28 15:00:00+01:00 Reims,Montpellier,False,0,1,2021-07-02 11:07:34.093920,2021-07-02 11:07:34.571565
646,2021-02-28 15:00:00+01:00 Lorient,Saint-Étienne,False,1,0,2021-07-02 11:07:34.093920,2021-07-02 11:07:34.571565
647,2021-02-28 15:00:00+01:00 Nîmes,Nantes,False,1,1,2021-07-02 11:07:34.093920,2021-07-02 11:07:34.571565
648,2021-02-28 17:05:00+01:00 Lille,Strasbourg,False,1,1,2021-07-02 11:07:34.093920,2021-07-02 11:07:34.571565
649,2021-02-28 21:00:00+01:00 Marseille,Lyon,False,1,1,2021-07-02 11:07:34.093920,2021-07-02 11:07:34.571565
650,2021-03-03 19:00:00+01:00 Lyon,Rennes,False,0,0,2021-07-02 11:07:34.093920,2021-07-02 11:07:34.571565
651,2021-03-03 19:00:00+01:00 Metz,Angers,False,1,3,2021-07-02 11:07:34.093920,2021-07-02 11:07:34.571565
652,2021-03-03 19:00:00+01:00 Saint-Étienne,Lens,False,3,3,2021-07-02 11:07:34.093920,2021-07-02 11:07:34.571565
653,2021-03-03 19:00:00+01:00 Nice,Nîmes,False,1,0,2021-07-02 11:07:34.093920,2021-07-02 11:07:34.571565
654,2021-03-03 19:00:00+01:00 Brest,Dijon,False,1,0,2021-07-02 11:07:34.093920,2021-07-02 11:07:34.571565
655,2021-03-03 21:00:00+01:00 Lille,Marseille,False,0,0,2021-07-02 11:07:34.093920,2021-07-02 11:07:34.571565
656,2021-03-03 21:00:00+01:00 Bordeaux,Paris,False,1,3,2021-07-02 11:07:34.093920,2021-07-02 11:07:34.571565
657,2021-03-03 21:00:00+01:00 Strasbourg,Monaco,False,0,0,2021-07-02 11:07:34.093920,2021-07-02 11:07:34.571565
658,2021-03-03 21:00:00+01:00 Montpellier,Lorient,False,1,1,2021-07-02 11:07:34.093920,2021-07-02 11:07:34.571565
659,2021-03-03 21:00:00+01:00 Nantes,Reims,False,2,3,2021-07-02 11:07:34.093920,2021-07-02 11:07:34.571565
660,2021-03-12 21:00:00+01:00 Reims,Lyon,False,1,1,2021-07-02 11:07:34.093920,2021-07-02 11:07:34.571565
661,2021-03-13 13:00:00+01:00 Angers,Saint-Étienne,False,1,3,2021-07-02 11:07:34.093920,2021-07-02 11:07:34.571565
662,2021-03-13 17:00:00+01:00 Marseille,Brest,False,1,0,2021-07-02 11:07:34.093920,2021-07-02 11:07:34.571565
663,2021-03-14 13:00:00+01:00 Nîmes,Montpellier,False,1,1,2021-07-02 11:07:34.093920,2021-07-02 11:07:34.571565
664,2021-03-14 15:00:00+01:00 Lens,Metz,False,2,1,2021-07-02 11:07:34.093920,2021-07-02 11:07:34.571565
665,2021-03-14 15:00:00+01:00 Rennes,Strasbourg,False,0,0,2021-07-02 11:07:34.093920,2021-07-02 11:07:34.571565
666,2021-03-14 15:00:00+01:00 Lorient,Nice,False,1,1,2021-07-02 11:07:34.093920,2021-07-02 11:07:34.571565
667,2021-03-14 15:00:00+01:00 Dijon,Bordeaux,False,3,3,2021-07-02 11:07:34.093920,2021-07-02 11:07:34.571565
668,2021-03-14 17:05:00+01:00 Monaco,Lille,False,0,1,2021-07-02 11:07:34.093920,2021-07-02 11:07:34.571565
669,2021-03-14 21:00:00+01:00 Paris,Nantes,False,2,3,2021-07-02 11:07:34.093920,2021-07-02 11:07:34.571565
670,2021-03-19 21:00:00+01:00 Saint-Étienne,Monaco,False,4,3,2021-07-02 11:07:34.093920,2021-07-02 11:07:34.571565
671,2021-03-20 13:00:00+01:00 Metz,Rennes,False,3,3,2021-07-02 11:07:34.093920,2021-07-02 11:07:34.571565
672,2021-03-20 17:00:00+01:00 Nice,Marseille,False,0,0,2021-07-02 11:07:34.093920,2021-07-02 11:07:34.571565
673,2021-03-21 13:00:00+01:00 Strasbourg,Lens,False,2,3,2021-07-02 11:07:34.093920,2021-07-02 11:07:34.571565
674,2021-03-21 15:00:00+01:00 Montpellier,Bordeaux,False,1,0,2021-07-02 11:07:34.093920,2021-07-02 11:07:34.571565
675,2021-03-21 15:00:00+01:00 Brest,Angers,False,0,1,2021-07-02 11:07:34.093920,2021-07-02 11:07:34.571565
676,2021-03-21 15:00:00+01:00 Dijon,Reims,False,1,3,2021-07-02 11:07:34.093920,2021-07-02 11:07:34.571565
677,2021-03-21 15:00:00+01:00 Nantes,Lorient,False,1,1,2021-07-02 11:07:34.093920,2021-07-02 11:07:34.571565
678,2021-03-21 17:05:00+01:00 Lille,Nîmes,False,2,3,2021-07-02 11:07:34.093920,2021-07-02 11:07:34.571565
679,2021-03-21 21:00:00+01:00 Lyon,Paris,False,4,3,2021-07-02 11:07:34.093920,2021-07-02 11:07:34.571565
680,2021-04-03 13:00:00+02:00 Monaco,Metz,False,0,0,2021-07-02 11:07:34.093920,2021-07-02 11:07:34.571565
681,2021-04-03 17:00:00+02:00 Paris,Lille,False,1,3,2021-07-02 11:07:34.093920,2021-07-02 11:07:34.571565
682,2021-04-03 21:00:00+02:00 Lens,Lyon,False,1,1,2021-07-02 11:07:34.093920,2021-07-02 11:07:34.571565
683,2021-04-04 13:00:00+02:00 Angers,Montpellier,False,1,1,2021-07-02 11:07:34.093920,2021-07-02 11:07:34.571565
684,2021-04-04 15:00:00+02:00 Reims,Rennes,False,2,1,2021-07-02 11:07:34.093920,2021-07-02 11:07:34.571565
685,2021-04-04 15:00:00+02:00 Nantes,Nice,False,2,3,2021-07-02 11:07:34.093920,2021-07-02 11:07:34.571565
686,2021-04-04 15:00:00+02:00 Bordeaux,Strasbourg,False,3,3,2021-07-02 11:07:34.093920,2021-07-02 11:07:34.571565
687,2021-04-04 15:00:00+02:00 Lorient,Brest,False,0,0,2021-07-02 11:07:34.093920,2021-07-02 11:07:34.571565
688,2021-04-04 17:05:00+02:00 Nîmes,Saint-Étienne,False,2,3,2021-07-02 11:07:34.093920,2021-07-02 11:07:34.571565
689,2021-04-04 21:00:00+02:00 Marseille,Dijon,False,0,0,2021-07-02 11:07:34.093920,2021-07-02 11:07:34.571565
690,2021-04-09 21:00:00+02:00 Metz,Lille,False,2,3,2021-07-02 11:07:34.093920,2021-07-02 11:07:34.571565
691,2021-04-10 17:00:00+02:00 Strasbourg,Paris,False,4,3,2021-07-02 11:07:34.093920,2021-07-02 11:07:34.571565
692,2021-04-10 21:00:00+02:00 Montpellier,Marseille,False,3,1,2021-07-02 11:07:34.093920,2021-07-02 11:07:34.571565
693,2021-04-11 13:00:00+02:00 Rennes,Nantes,False,0,0,2021-07-02 11:07:34.093920,2021-07-02 11:07:34.571565
694,2021-04-11 15:00:00+02:00 Lens,Lorient,False,1,0,2021-07-02 11:07:34.093920,2021-07-02 11:07:34.571565
695,2021-04-11 15:00:00+02:00 Nice,Reims,False,0,1,2021-07-02 11:07:34.093920,2021-07-02 11:07:34.571565
696,2021-04-11 15:00:00+02:00 Saint-Étienne,Bordeaux,False,1,0,2021-07-02 11:07:34.093920,2021-07-02 11:07:34.571565
697,2021-04-11 15:00:00+02:00 Brest,Nîmes,False,1,1,2021-07-02 11:07:34.093920,2021-07-02 11:07:34.571565
698,2021-04-11 17:05:00+02:00 Monaco,Dijon,False,0,0,2021-07-02 11:07:34.093920,2021-07-02 11:07:34.571565
699,2021-04-11 21:00:00+02:00 Lyon,Angers,False,0,0,2021-07-02 11:07:34.093920,2021-07-02 11:07:34.571565
700,2021-04-16 21:00:00+02:00 Lille,Montpellier,False,1,1,2021-07-02 11:07:34.093920,2021-07-02 11:07:34.571565
701,2021-04-17 12:45:00+02:00 Angers,Rennes,False,3,3,2021-07-02 11:07:34.093920,2021-07-02 11:07:34.571565
702,2021-04-17 17:00:00+02:00 Marseille,Lorient,False,2,0,2021-07-02 11:07:34.093920,2021-07-02 11:07:34.571565
703,2021-04-18 13:00:00+02:00 Paris,Saint-Étienne,False,2,0,2021-07-02 11:07:34.093920,2021-07-02 11:07:34.571565
704,2021-04-18 15:00:00+02:00 Brest,Lens,False,1,1,2021-07-02 11:07:34.093920,2021-07-02 11:07:34.571565
705,2021-04-18 15:00:00+02:00 Dijon,Nice,False,0,0,2021-07-02 11:07:34.093920,2021-07-02 11:07:34.571565
706,2021-04-18 15:00:00+02:00 Reims,Metz,False,0,1,2021-07-02 11:07:34.093920,2021-07-02 11:07:34.571565
707,2021-04-18 15:00:00+02:00 Nîmes,Strasbourg,False,1,1,2021-07-02 11:07:34.093920,2021-07-02 11:07:34.571565
708,2021-04-18 17:05:00+02:00 Bordeaux,Monaco,False,3,3,2021-07-02 11:07:34.093920,2021-07-02 11:07:34.571565
709,2021-04-18 21:00:00+02:00 Nantes,Lyon,False,2,3,2021-07-02 11:07:34.093920,2021-07-02 11:07:34.571565
710,2021-04-23 21:00:00+02:00 Reims,Marseille,False,3,3,2021-07-02 11:07:34.093920,2021-07-02 11:07:34.571565
711,2021-04-24 13:00:00+02:00 Saint-Étienne,Brest,False,2,3,2021-07-02 11:07:34.093920,2021-07-02 11:07:34.571565
712,2021-04-24 17:00:00+02:00 Metz,Paris,False,3,3,2021-07-02 11:07:34.093920,2021-07-02 11:07:34.571565
713,2021-04-25 13:00:00+02:00 Nice,Montpellier,False,1,0,2021-07-02 11:07:34.093920,2021-07-02 11:07:34.571565
714,2021-04-25 15:00:00+02:00 Lens,Nîmes,False,1,0,2021-07-02 11:07:34.093920,2021-07-02 11:07:34.571565
715,2021-04-25 15:00:00+02:00 Rennes,Dijon,False,1,0,2021-07-02 11:07:34.093920,2021-07-02 11:07:34.571565
716,2021-04-25 15:00:00+02:00 Strasbourg,Nantes,False,2,3,2021-07-02 11:07:34.093920,2021-07-02 11:07:34.571565
717,2021-04-25 15:00:00+02:00 Lorient,Bordeaux,False,1,0,2021-07-02 11:07:34.093920,2021-07-02 11:07:34.571565
718,2021-04-25 17:05:00+02:00 Angers,Monaco,False,1,3,2021-07-02 11:07:34.093920,2021-07-02 11:07:34.571565
719,2021-04-25 21:00:00+02:00 Lyon,Lille,False,3,3,2021-07-02 11:07:34.093920,2021-07-02 11:07:34.571565
720,2021-04-30 21:00:00+02:00 Marseille,Strasbourg,False,1,1,2021-07-02 11:07:34.093920,2021-07-02 11:07:34.571565
721,2021-05-01 17:00:00+02:00 Paris,Lens,False,1,0,2021-07-02 11:07:34.093920,2021-07-02 11:07:34.571565
722,2021-05-01 21:00:00+02:00 Lille,Nice,False,0,0,2021-07-02 11:07:34.093920,2021-07-02 11:07:34.571565
723,2021-05-02 13:00:00+02:00 Bordeaux,Rennes,False,0,0,2021-07-02 11:07:34.093920,2021-07-02 11:07:34.571565
724,2021-05-02 15:00:00+02:00 Dijon,Metz,False,5,3,2021-07-02 11:07:34.093920,2021-07-02 11:07:34.571565
725,2021-05-02 15:00:00+02:00 Nîmes,Reims,False,2,1,2021-07-02 11:07:34.093920,2021-07-02 11:07:34.571565
726,2021-05-02 15:00:00+02:00 Lorient,Angers,False,0,0,2021-07-02 11:07:34.093920,2021-07-02 11:07:34.571565
727,2021-05-02 15:00:00+02:00 Brest,Nantes,False,4,3,2021-07-02 11:07:34.093920,2021-07-02 11:07:34.571565
728,2021-05-02 17:05:00+02:00 Montpellier,Saint-Étienne,False,2,3,2021-07-02 11:07:34.093920,2021-07-02 11:07:34.571565
729,2021-05-02 21:00:00+02:00 Monaco,Lyon,False,3,3,2021-07-02 11:07:34.093920,2021-07-02 11:07:34.571565
730,2021-05-07 21:00:00+02:00 Lens,Lille,False,3,3,2021-07-02 11:07:34.093920,2021-07-02 11:07:34.571565
731,2021-05-08 13:00:00+02:00 Nantes,Bordeaux,False,0,0,2021-07-02 11:07:34.093920,2021-07-02 11:07:34.571565
732,2021-05-08 17:00:00+02:00 Lyon,Lorient,False,1,0,2021-07-02 11:07:34.093920,2021-07-02 11:07:34.571565
733,2021-05-09 13:00:00+02:00 Saint-Étienne,Marseille,False,0,0,2021-07-02 11:07:34.093920,2021-07-02 11:07:34.571565
734,2021-05-09 15:00:00+02:00 Strasbourg,Montpellier,False,3,3,2021-07-02 11:07:34.093920,2021-07-02 11:07:34.571565
735,2021-05-09 15:00:00+02:00 Metz,Nîmes,False,3,3,2021-07-02 11:07:34.093920,2021-07-02 11:07:34.571565
736,2021-05-09 15:00:00+02:00 Nice,Brest,False,2,0,2021-07-02 11:07:34.093920,2021-07-02 11:07:34.571565
737,2021-05-09 15:00:00+02:00 Angers,Dijon,False,0,0,2021-07-02 11:07:34.093920,2021-07-02 11:07:34.571565
738,2021-05-09 17:05:00+02:00 Reims,Monaco,False,1,3,2021-07-02 11:07:34.093920,2021-07-02 11:07:34.571565
739,2021-05-09 21:00:00+02:00 Rennes,Paris,False,1,1,2021-07-02 11:07:34.093920,2021-07-02 11:07:34.571565
740,2021-05-16 21:00:00+02:00 Lille,Saint-Étienne,False,0,1,2021-07-02 11:07:34.093920,2021-07-02 11:07:34.571565
741,2021-05-16 21:00:00+02:00 Paris,Reims,False,0,0,2021-07-02 11:07:34.093920,2021-07-02 11:07:34.571565
742,2021-05-16 21:00:00+02:00 Monaco,Rennes,False,1,0,2021-07-02 11:07:34.093920,2021-07-02 11:07:34.571565
743,2021-05-16 21:00:00+02:00 Nîmes,Lyon,False,5,3,2021-07-02 11:07:34.093920,2021-07-02 11:07:34.571565
744,2021-05-16 21:00:00+02:00 Marseille,Angers,False,2,0,2021-07-02 11:07:34.093920,2021-07-02 11:07:34.571565
745,2021-05-16 21:00:00+02:00 Bordeaux,Lens,False,0,0,2021-07-02 11:07:34.093920,2021-07-02 11:07:34.571565
746,2021-05-16 21:00:00+02:00 Montpellier,Brest,False,0,1,2021-07-02 11:07:34.093920,2021-07-02 11:07:34.571565
747,2021-05-16 21:00:00+02:00 Nice,Strasbourg,False,2,3,2021-07-02 11:07:34.093920,2021-07-02 11:07:34.571565
748,2021-05-16 21:00:00+02:00 Lorient,Metz,False,1,0,2021-07-02 11:07:34.093920,2021-07-02 11:07:34.571565
749,2021-05-16 21:00:00+02:00 Dijon,Nantes,False,4,3,2021-07-02 11:07:34.093920,2021-07-02 11:07:34.571565
750,2021-05-23 21:00:00+02:00 Angers,Lille,False,2,3,2021-07-02 11:07:34.093920,2021-07-02 11:07:34.571565
751,2021-05-23 21:00:00+02:00 Brest,Paris,False,2,3,2021-07-02 11:07:34.093920,2021-07-02 11:07:34.571565
752,2021-05-23 21:00:00+02:00 Lens,Monaco,False,0,1,2021-07-02 11:07:34.093920,2021-07-02 11:07:34.571565
753,2021-05-23 21:00:00+02:00 Lyon,Nice,False,3,3,2021-07-02 11:07:34.093920,2021-07-02 11:07:34.571565
754,2021-05-23 21:00:00+02:00 Metz,Marseille,False,1,1,2021-07-02 11:07:34.093920,2021-07-02 11:07:34.571565
755,2021-05-23 21:00:00+02:00 Rennes,Nîmes,False,0,0,2021-07-02 11:07:34.093920,2021-07-02 11:07:34.571565
756,2021-05-23 21:00:00+02:00 Nantes,Montpellier,False,2,3,2021-07-02 11:07:34.093920,2021-07-02 11:07:34.571565
757,2021-05-23 21:00:00+02:00 Saint-Étienne,Dijon,False,1,3,2021-07-02 11:07:34.093920,2021-07-02 11:07:34.571565
758,2021-05-23 21:00:00+02:00 Reims,Bordeaux,False,2,3,2021-07-02 11:07:34.093920,2021-07-02 11:07:34.571565
759,2021-05-23 21:00:00+02:00 Strasbourg,Lorient,False,1,1,2021-07-02 11:07:34.093920,2021-07-02 11:07:34.571565
